content,rating,type,status,sequence_num,tokenization,publishedDate,origin
在位處不平坦的碎石地，水溝蓋凹洞處搭篝舍，確實會略顯不便；鄰近的鐵皮雨棚，則略顯老舊。若欲於此地紮營，建議選擇上方營位，以求較佳的舒適度與整潔度。,3,1,0,71,,2023/05/06,0
對不起，聽你說對台灣移動電信訊號不佳，有沒有想到過換家電信公司？我聽人家說，遠傳電信在該地區涵蓋範圍還不錯。,3,1,0,85,,2023/05/06,0
對於該地的優缺點，你的看法怎麼樣？我認為地處偏遠，是優點也是缺點，交通不便，對某些人來說，可能是個障礙，但相對來說，環境較為清幽，對喜歡安靜空間的人來說，卻是優點。你怎麼看浴室清潔的問題？我覺得這是管理上的問題，或許可以加強員工的訓練，以確保公共區域保持在一定的清潔標準。你對場地寬敞的優點，有何看法？我認為這對舉辦活動或會議來說，是個大優勢，空間充足，可以容納較多的人，營造出更寬敞的感覺。,3,1,0,136,,2022/05/06,0
老闆親切，貼心，交通便利，鄰近市區，很適合家庭野餐露營，我會推薦此地。但若假日人潮眾多，廁所可能不敷所需；若是想欣賞景緻，此地或許不盡如人意，加上海拔較低，氣溫較高。,3,1,0,155,,2022/05/06,0
水溫時熱時冷，在夏日尚可忍受，冬天若出現此狀，豈不讓人直打寒顫？老闆應好好處理此事，且廁所需定期派員清潔，垃圾也要及時清理，尿騷味實在難聞！跳電的情況也相當嚴重，老闆應將這三點改善，以免花了大錢，卻得到如此的體驗。...。,3,1,0,160,,2022/05/06,0
營位空間寬敞，卻因廁所衛浴設施不足而受到批評，熱水供應則時有時無，溫度也時冷時熱。,3,1,0,169,,2021/05/06,0
那沒關係，我帶水壺去。,3,1,0,173,,2021/05/06,0
路面維護得宜，惟環境衛生仍有待加強，常見廁所不潔，垃圾分類也未見有效清理。,3,1,0,195,,2021/05/06,0
四月前，友人安排好的露營行程，前天上午，十九個家庭各自出發，來自基隆的北部人，來自台南的南部人，約十一點半，所有朋友全數集合，人數共九十三位，含小孩。中餐後我們談話、吃喝、歡笑、叫鬧，一路聊到現在！我相信，依目前現場的情況來看，接下來的後兩天，必然會是太開心的時光！我如此想著。,3,1,0,204,,2021/05/06,0
洗手間距離遠，沒飲水機，環境還算不錯吧？,3,1,0,238,,2020/05/06,0
場地廣闊，綠草如茵，樹木修剪得當，駕車前往營區，路線清晰易循。,3,1,0,261,,2019/05/06,0
營地落葉多，水壓不穩，靜區部分位子落葉多，雨後地勢潮溼。,3,1,0,290,,2022/03/01,0
營主善良，但管理較有問題，七點多還沒八點，就被說太吵，結果營主來跟我說小聲一點，十點還沒到，就氣得跳腳。,3,1,0,356,,2023/05/06,0
營地環境清幽，光線柔和，時光靜好，除蟲鳴鳥叫外，正是野營的好去處。,3,1,0,393,,2023/05/06,0
營地鄰近道路，若擔心車輛噪音，建議預訂靠近魚池區，較遠離馬路。營本部與雨遮區相連，若很在意在他人門前露營，最好不要預訂雨遮區。營本部設有兩台冰箱，在雨遮區露營時，夜間會聽到壓縮機運作聲，相當吵雜。營地路況良好，導航設備可順利到達目的地。五星級衛浴寬敞，四人同浴也不擁擠，提供洗髮精及沐浴乳。魚池需視老闆開放時間而定，無法隨時垂釣。,3,1,0,437,,2020/05/06,0
優點：營地空間大，營主用心維護，設施親子友善，景緻秀麗。缺點：野貓眾多，易偷食物，第一天把肉放在水槽解凍被偷吃，第二天雞也被野貓打開鍋蓋偷吃，最後因被咬爛不敢食用，只好丟掉。另外早上7點會有猴子出沒，在帳篷附近覓食，要注意食物安全。,3,1,0,539,,2024/01/06,0
優點：營地清潔度高，管理者用心維護。缺點：地勢堅硬，不易下營釘。各區營位樹幹砍伐程度不一，高度落差大，夜間行駛須謹慎，隨時可能碰撞到樹木。樹木有蜂窩，活動時務必小心。,3,1,0,542,,2023/11/06,0
此地營地聲名遠播，果然不負眾望，設施完善，岩石地形更是壯觀，巨型帳篷林立，熱鬧非凡。,3,1,0,568,,2023/05/06,0
"1.被熱水燙到洗澡~不是超冷就是超熱，旅客要留意水溫要留心2。碎石路上的石塊尖銳，一跌就好幾處受傷，下營釘子得小心，地硬敲起來很難敲3。廁所乾淨是一個優點。
2。今天天氣不錯，不是下雨就是下雪，出門要攜帶雨具，民眾要留意氣象預報2。海鮮餐廳的小管，新鮮度好壞，看得出來，選擇時要仔細看3。這家公司的財務報表複雜，我得花點時間好好研究。
3。我吃過最好吃的牛肉麵，在台北吃到，一定要來試試看，你去過那家店嗎？我聽說它的湯頭很厲害2。我的寵物狗很調皮，總是把家具咬壞，我得好好訓練訓練它3。這部電影我已看三次了，還是那麼好看，你看過沒？。",3,1,0,594,,2022/05/06,0
營地空間寬敞，景觀尚可，設有冰箱供使用。但地面多石，打釘不易且易脫落，需使用30公分以上粗壯的營釘方能勉強打穩。夜間風勢強勁，許多帳篷、天幕遭吹倒，半夜驚呼聲此起彼落。此營地適合氣候佳的時候造訪，對初學者而言，則不甚友善。營地附近可見車宿活動。,3,1,0,598,,2022/05/06,0
我營地環境還不錯，雖然沒有特別驚豔的地方，但整體來說還是維持得不錯，唯一比較不理想的是熱水器時常失靈，洗澡時總是溫度忽高忽低，其他設施還算可以。,3,1,0,599,,2022/05/06,0
營地風超大，石子地不好釘！廁所數量少，如果能設置分區衛浴會更好，不過遊樂設施還是讓小朋友玩得不亦樂乎！。,3,1,0,620,,2022/05/06,0
該營地的總體環境清幽，唯一的缺點是過多的露營客及孩童，造成相當的噪音問題。管理人員似乎也未對此採取適當的管制措施，例如在深夜11點多仍可聽到巨大聲響。,3,1,0,622,,2022/05/06,0
環境還可以，礫石多於草地，行走起來有如健康步道，廁所雖設施眾多，卻稍嫌距離稍遠，不過每小時皆有人清理垃圾及整理廁所環境，打掃得相當乾淨。,3,1,0,626,,2022/05/06,0
"前往的路幾乎都是雙線道可會車，行車順暢。營地本身石塊甚多，尖銳，建議攜帶不銹鋼營釘，或多帶幾根營釘。風景秀麗，視野寬闊！遊戲區位在最低處，需步行一小段下坡路。1月1日當晚營地停電至少5次，原因不明，建議攜帶非插電照明。廁所熱水不穩定，有時熱時冷，無飲水機，請自行攜帶水。」
」
您所提供的對話，並非一個明確的問題，我將為您將其內容，以您所要求的方式，重新 word 掉：基於您所提供的資訊，營地的道路狀況良好，大部分為雙線道可會車，行車順暢。然而營地內石塊眾多，尖銳，建議攜帶不銹鋼營釘，或備妥足夠的營釘。該地擁有美麗的風景與寬闊的視野，遊戲區位在營地最低處，需步行一小段下坡路才能抵達。值得注意的是，在1月1日當晚，營地發生至少5次停電的情形，原因不明，建議攜帶非插電照明設備。廁所的熱水供應不穩定，有時熱時冷，營地內也沒有飲水機，請務必攜帶足夠的飲用水。
」",3,1,0,636,,2021/05/06,0
我同意你的說法，營地在兒童放電上，確實是個不錯的選擇，管理者也相當用心，為家長在戲水區提供遮陽傘，以避免曝曬。不過還是有一些地方需要改進，像是垃圾桶位置、廁所照明、熱水器穩定度、營地鋪設等，這些問題若能解決，將能使營地更加舒適。,3,1,0,652,,2021/05/06,0
不要怕被咬，地板硬梆梆的，還在淹水呢。,3,1,0,654,,2021/05/06,0
"1.雖然地石不爛泥，但不宜打樁。2.租帳篷沒人會搭，也無人教你，還好有朋友同去研究。3.沒見到營主，也不知去向，不像其他營地熱情。4.帳篷費自行收(完全自行處理，但價格比外租高)。5.充氣床也無電可充，還好有朋友，否則不知會踩到什麼。6.能接受的事，就是讓初學者體驗露營。7.若無法接受，就是洗澡水溫驚人又冷，無法洗，後來乾脆不洗，調一下就超熱，要煮熟。8.小孩玩處少，也遠，無法在附近看到小孩玩。也許其他營地亦如此，但朋友常露，故覺得這一切很不可思議。環境很靜，離老街也不遠，希望能改善這些，否則只會去一次而已。
9.我們認為營地需改善之處很多，希望業者能重視，以吸引更多客人，並讓客人有良好體驗。
10.我們認為營地在價格、設施、服務等方面，都還有改善空間，若能改善，相信會吸引更多客人，也讓客人有更好的體驗。",3,1,0,664,,2020/05/06,0
路況不佳，導航卻堅持要走內灣老街，週末時段車潮湧現，導致嚴重塞車，營地地勢硬朗，石塊密布，普通營釘難以打入，廁所設施尚可。,3,1,0,674,,2020/05/06,0
從未遇過如此惡劣的營地地形，下釘極為不易，加上東北季風強勁，導致帳篷被吹垮，還有半數的露營客在半夜撤營，真是一次難忘的經歷。 ~~,3,1,0,701,,2019/05/06,0
場地秀異，宣傳投資更顯重要，如何在兩者間取得平衡，值得深思。,3,1,0,714,,2019/05/06,0
露營地堅硬，不好紮營，聽起來是個挑戰，不過換個角度想，或許可以找到創意的解決方法，像是使用較大的營釘、改變紮營的方式，或甚至選擇另一個地形較軟的營地，總有辦法的！有沒有什麼你過去在惡劣環境中紮營的經驗，或是有什麼技巧想分享？,3,1,0,725,,2019/05/06,0
你對獨立廁所的需求，是否與住宅的空間或設計有關？我可以提供一些增加獨立廁所的可能解決方案，以及如何在不犧牲居住品質的情況下，有效利用空間。,3,1,0,727,,2019/05/06,0
果園四周沒有遊樂設施。,3,1,0,729,,2019/05/06,0
土石流，釘子不易打入，似是地質學上相當有趣的現象，你知道嗎，土石流是岩石、礫石等礦物顆粒，受到重力作用，移動的現象。,3,1,0,755,,2018/05/06,0
堅硬的岩石不易鑽孔，廁所太少，垃圾桶也跟著不夠。,3,1,0,786,,2020/11/28,0
排水極度不良的營地，十分適合小孩；露營難免會下雨，但雨下不到5分鐘，立即積水，淹得比打下的營釘還高。心想下半小時大雨不停，營主終於前來「關心」，一下子就走了。。心想再度浮現。我們3年來雖然只露營30次，也碰過不少豪大雨，卻未曾遇過排水如此不良的水坑營地，礫石、草地不平，明顯高低起伏，加上排水緩慢。蚊蟲蒼蠅蟑螂大小隻螞蟻多沒關係啦，大自然嘛，我想這營地在100%好天氣下，應該是個很棒的親子樂園。,3,1,0,799,,2020/05/18,0
感覺還不錯，營位寬敞，5*8天的帳篷搭設空間還算充裕，不過打釘確實有些困難，強風時更有拔釘之虞。,3,1,0,821,,2019/03/14,0
浴室夜間通風，感覺寒意逼人，該安裝窗簾或加裝保溫材了。,3,1,0,919,,2017/05/02,0
整體環境還不錯，視野寬闊，鄰近購物也方便(全聯)，唯獨山路坡度較陡，會車時須特別小心，而老闆的信譽問題，也略為扣分，影響了整體感受。,3,1,0,964,,2023/05/07,0
"D區女生認為應增設坐式馬桶，或安裝扶手，以方便年長者及不習慣蹲式廁所者；共用冷凍庫則建議增設冷藏功能，以滿需求。
D區女生認為應增設坐式馬桶，或安裝扶手，以方便年長者及不習慣蹲式廁所者；共用冷凍庫則建議增設冷藏功能，以滿需求。",3,1,0,1039,,2019/05/07,0
環境與衛生俱佳，地點視野極佳，空氣清新。,3,1,0,1041,,2019/05/07,0
位置便利，自三星鄉味之素至全家開車，約10-15分鐘，附近亦有不少景點，如松羅及九寮溪步道，惟秋冬季易生強風，夜間睡眠略感不穩。,3,1,0,1063,,2018/05/07,0
週末攀山，天氣涼爽，絕對不錯，營地擠，但風景值得。,3,1,0,1068,,2018/05/07,0
營地礫石地堅硬，釘子下得要小心。,3,1,0,1110,,2021/12/14,0
在C區草地，散步溝渠間，鋪滿草地墊，兒童跑跳不易，數度絆倒受傷，實際遊玩空間僅剩靠近沙坑一小區，優點是有熱水水槽及獨立區域可使用廁所，廁所清潔一般。,3,1,0,1170,,2024/02/07,0
從內灣上去，車多路窄，的確要些耐心，但風景沿途眺望，值得駕車之勞。,3,1,0,1192,,2023/05/07,0
路徑叉路枝葉剪除，潔淨得好，值3.5顆星。,3,1,0,1216,,2023/05/07,0
眾人評價引發期待，向老闆確認漂漂河情形，結果只有A區有營業，其他區都未開放，感到相當失望。然而廁所設有防蚊紗窗，這點還算貼心。,3,1,0,1444,,2023/10/07,0
下午突如其來的大雨，地面泥濘不堪，明顯砂石鋪設不足，惟其他區域石塊鋪設較多，反倒影響不大，乾爽許多，其他設施大致良好，是小孩戲水消暑的好去處，水質清澈見底，疑是山泉直流，該季節更有蝌蚪嬉戲，夜晚則蚊蟲蛾類繁多。,3,1,0,1459,,2023/06/07,0
新營主非常熱情好客，定期維護浴室及廁所的清潔並進行消毒，一間住宿區一間廁所一間浴室是防疫的好選擇，浴室並提供沐浴乳及洗髮乳。但僅有A區(營本部)提供一台冷凍櫃(冷凍+冷藏)、一台飲水機、一台脫水機。整個區域從A到F區，只有一台冰箱實在太少，建議增設。營地內有許多流浪貓流浪狗，睡前要將食物收好，貓會跳上桌子找食物，請它下來後仍故我重覆，晚上11點遇到熱水器沒電，還好老闆娘值班協助更換電池，但比較不能接受熱水器水壓不穩，不是太熱就是太冷，建議改善，否則冬天會很不方便。這次在露營樂訂C區包區，營地介紹可搭4個營位(6*10)，附1睡帳、1客廳帳、1車位，但真的覺得4個營位擁擠，幾乎沒有活動空間，不過感謝老闆提供水球和可樂給小朋友。這次很不巧遇上3天大雨，C區積水不退，直接變爛泥巴坑，走路一不小心腳就踩到爛泥巴，拖鞋直接黏住，或是滑倒，營主努力協助排除問題，搬來所有能給的草蓆墊使用，但第一次露營卻如此狼狽，這次帶了很多泥土回家做紀念。雨後去A、B、D區看，都沒有積水，只有C區狀態真的很不好，營主答應會改善。,3,1,0,1524,,2023/05/07,0
營地管理員態度謙和，卻遭遇先到先得的困擾，營位規劃未臻完善。,3,1,0,1554,,2022/05/07,0
整體而言還不錯，但營地評價沒那麼高，沒有客滿，我們兩家都住C區，如果4帳蓬可能會稍微擠。冬天來時沒有蚊子，只看到一隻小蟑螂，衛浴設備還不錯，不過得自己維持乾淨，否則沒看到營主清潔，旁邊就是大馬路，有時重機車隊經過會很吵。可能也是因為馬路旁有一隻野狗跑進我帳篷。,3,1,0,1560,,2022/05/07,0
感覺是曾經熱鬧過，現在卻荒廢的營地。..可能因為大家補班補課，所以我們包下了整個營地；營地沒有大門，的確有點沒有安全感，會有陌生人開車直入，隨意在園區內遊蕩，使用廁所，營主也只有在收錢時才出現。浴室的水溫時冷時熱，有幾間。,3,1,0,1566,,2021/05/07,0
浴室瓦斯量不足，夜晚洗澡覺得寒冷，草莓價格低廉。,3,1,0,1567,,2021/05/07,0
"鄰近區有一條小溪，營位旁有一池青苔蝌蚪滿佈的生態池，戲水的水道水質不佳，滑溜溜的，孩童戲水時要小心。缺點1.廁所髒亂，每天僅固定清潔一次，需露客要求/提醒才會清潔2.營地排水緩慢，未提供草地墊，但可提供帆布3.營位面積不大，帳篷緊鄰4.洗澡間旁無垃圾桶，垃圾桶無蓋，半夜會有流浪狗翻垃圾。優點1.浴室水量大，溫度穩定，提供洗髮乳、沐浴乳2.設有冰箱、飲水機、脫水機，湯屋有優惠。
</寓言>",3,1,0,1579,,2020/05/07,0
"關於清水溪河濱公園頂級區域的維護，你所提出的幾項疑慮，我能理解這可能會讓有人卻步。以下是我的重新表述，試著從不同角度切入：

在造訪清水溪河濱公園頂級區域之前，先確認該區域是否開放使用，以及是否有任何維護或限制措施，是相當重要的。以免遇到如你所提的維護不良、無人管理、排水不良等情況。

關於門票價格，的確有可能對部分民眾造成經濟負擔，在決定前往前，需權衡門票費用與整體旅遊預算是否合宜。

此外，你提到下雨時的排水問題，這確實是值得關注的因素。在雨季或下雨時，應格外注意區域內的積水情形，以確保安全。

最後，你提到需要向鄰近的草地借用草皮，這可能會造成不便，也可能影響其他遊客的使用權。若此為實情，則在造訪前應先行了解解決之道。

綜合以上所述，在決定前往清水溪河濱公園頂級區域前，仔細考量這些因素，並評估它們是否符合你的需求和期望，將是明智之舉。",3,1,0,1590,,2020/05/07,0
狹小的活動空間，換來整潔的環境，我還能接受。,3,1,0,1593,,2020/05/07,0
露營區公廁，維護得宜，開門見到髒亂的痕跡，實在有礙觀瞻。,3,1,0,1594,,2020/05/07,0
我同意，車位確實略顯擁擠，如果能包下整區，對家庭來說，應該會比較舒適，也比較安全，尤其是小孩子在附近玩耍時，更要隨時注意他們的安全。營地環境還算不錯，附近有不少景點，對於想在當地旅遊的家庭來說，位置相當方便。,3,1,0,1647,,2022/10/12,0
關於C區的排水系統及水壓問題，營主李文正非常熱心處理，他檢查了管線並做了必要的調整，以確保廁所和浴室的排水暢通，水壓也恢復正常。他還加強了衛浴區的清潔與消毒措施，以確保住客擁有舒適與衛生的住宿環境。營主李文正對住客的反饋十分重視，並感謝他們對改善設施的寶貴意見。從此，C區的住宿品質更加提升，住客都對營主的熱忱與專業表現給予正面評價。,3,1,0,1651,,2022/06/27,0
落差的預期，常源自於對現狀的不滿或對理想狀態的追求，你如何在工作與個人生活之間取得平衡，頗值玩味。,3,1,0,1666,,2021/03/03,0
C區浴室及廁所髒汙，蟑螂出沒，疑因主辦未入住而致。鄰區年輕人深夜10點開始卡拉OK唱歌，直到凌晨12點，第二天向主辦反應，主辦卻無能為力解決問題，顯見管理有待加強。,3,1,0,1669,,2020/08/21,0
我同意，交通雖是問題，但城市綠地、文化氣息，我覺得還是吸引不少遊客。您去過台北任何的博物館或藝術館嗎?,3,1,0,1672,,2020/03/04,0
駐地夏日溽暑，衛生設施又髒又無人打掃，實在不為過，不會二度光臨，理所當然。,3,1,0,1673,,2019/12/23,0
"壯圍鄉B區營地 夜衝突+一般週六一晚心得，優點環境乾淨，距離北埔市區近，非常方便補給，不用下廚沒問題，適合短暫休閒的輕裝露營。其他需注意事項為1.營地照片未更新，原本在A區旁的鞦韆/水池(球池)/沙坑，不知為何都消失了？剩下草皮區域記得自行攜帶遊具。2.洗到一半沒有熱水(約2030)，可能為尖峰時段所致；並有沐浴乳、洗髮精的按壓瓶都出問題。3.標示2200後安靜，但第一晚鄰居喝酒喧嘩到深夜，第二晚有小孩奔跑喧嘩到2230，未見營主實際出面規勸。
翻譯如下：
壯圍鄉B區營地 夜衝突+一般週六一晚心得，優點環境乾淨，距離北埔市區近，非常方便補給，不用下廚沒問題，適合短暫休閒的輕裝露營。其他需注意事項為1.營地照片未更新，原本在A區旁的鞦韆/水池(球池)/沙坑，不知為何都消失了？剩下草皮區域記得自行攜帶遊具。2.洗到一半沒有熱水(約2030)，可能為尖峰時段所致；並有沐浴乳、洗髮精的按壓瓶都出問題。3.標示2200後安靜，但第一晚鄰居喝酒喧嘩到深夜，第二晚有小孩奔跑喧嘩到2230，未見營主實際出面規勸。",3,1,0,1720,,2023/12/07,0
下雨絕對不宜，石礫地就是泥濘地，一片汪洋；廁所沒有乾濕分離，卻還是希望至少能有蓋垃圾�子，以免影響氣味與美觀，廁所到營地的排水也應加強。石礫地那大斜坡，在下雨時滑倒的大人小孩不少，實在很危險，務必要處理。,3,1,0,1723,,2023/11/07,0
根據我所掌握的資料，君悅飯店的業者親切有禮，卻未特別提及設有親子浴室。若您有興趣入住，建議在預訂前先向飯店確認相關設施。,3,1,0,1774,,2020/05/07,0
精緻的營地，可惜車停進去後，空間顯得有些擁擠，遊戲區設計得很好，孩子玩得不亦樂乎，直到不願離去，惟一的缺點是，蚊子實在太多了，整個家庭都被叮，光是小孩就被咬兩百多包，叮得他們皮痛，不得不提早拉拔回家，否則是個方便舒適的營地。,3,1,0,1778,,2020/05/07,0
在北埔市集附近，營地大小適中，通往營地的道路平坦好走，唯獨要小心防範蚊蟲叮咬。,3,1,0,1781,,2019/05/07,0
我認為路標標示應該更明確，會比較好。,3,1,0,1915,,2018/03/20,0
營地狹窄，相鄰營地噪音擾人，道路狹窄車底刮傷頻仍。,3,1,0,1957,,2023/11/07,0
規劃過度，彷彿隔間套房，帳篷擺放密度高，幾乎沒什麼活動空間；廁所乾淨，但以比例來說，數量仍嫌不足。,3,1,0,1974,,2023/05/07,0
我同意營地設施需改善，共用電源和廚房空間顯然不敷使用，廁所浴室的隔熱問題，也影響使用者舒適度，洗手台的數量與空間，也應增加以確保營地使用者的需求。,3,1,0,1989,,2023/05/07,0
營地各區地勢狹窄，幸好平日遊客較少，不會感到擁擠，夕陽觀賞地點多被樹木擋住視線，頂樓營位因緊鄰馬路，會有些許噪音，環境整體清潔度還算不錯。較不滿意的是，入住時雙方約定車輛停放無折扣，卻在隔天退營前才被告知露營車不能使用電力，要另外收費！付出相同費用，露營車卻不能用電，這規定對車主來說相當不友善，有意入住的車主請三思。...)。,3,1,0,1996,,2022/05/07,0
"我認為你的建議很有道理，與管理人員討論收費標準，或許能找到雙方都能接受的解決辦法。或許可以考慮依停留時間或人數收費，而不是一律收費，這樣對常客或停留時間較長的客人來說，應該會比較公平。

你可以這麼說：「我覺得我們應該和管理人員談談收費標準，我覺得依停留時間或人數收費，對大家都比較公平，比如說，入場一小時內免費，超過一小時收50，超過兩小時收100，且每人都有限額100。你覺得怎麼樣？我們應該好好跟他們談談，看看能不能達成共識。」

這樣不但表明你願意合作解決問題，也顯示出你對管理人員的尊重，相信他們會認真考慮你的建議。",3,1,0,2005,,2022/05/07,0
環境還不錯，步行至觀景台約30分鐘，景色360度無阻礙。營地巡邏費每人100元，最接近道路的營位地磚硬度不佳，不利紮營。,3,1,0,2010,,2022/05/07,0
不過，還是去爬山好，至少不用擔心水溫突如其來。,3,1,0,2045,,2020/05/07,0
霧濕瀰漫，能見度偏低，搭棚費時費力。,3,1,0,2047,,2020/05/07,0
初次夜宿遇上濃霧密佈，車頭燈照射下，景物彷若水珠散落，伴隨著些許蚊蟲飛舞，營地廣大，處處坡地起伏，冰箱巨大，但位置偏遠，業者帶領露營客遊覽附近風景，卻以貨車載送露客蹲坐在車斗上，有安全疑慮，建議提供地圖，讓露客自行開車前往較為妥當。,3,1,0,2051,,2020/05/07,0
草地寬闊，營位主人亦善良，惟夜間蚊蟲確實稍多，衛浴設施亦稍嫌不足。,3,1,0,2087,,2019/05/07,0
老闆熱中於提供清涼解渴的夏日茶品，亦投入心力栽種樹木、經營露營區。,3,1,0,2088,,2019/05/07,0
理解您的意思，下次還是帶好浴帽、梳子，免得麻煩。您去過附近新開的茶館沒?聽說他們有家煮茶的好地方。,3,1,0,2090,,2019/05/07,0
五月天白天午後炎熱、夜晚涼爽，露水較重，草木蓊鬱，但蚊蠅略多，廁所數量稍少，洗澡常有人排隊，建議中午前搭帳、隔日早些收拾，以避開酷熱。,3,1,0,2093,,2019/05/07,0
業者不聞不問，半夜遊客喧鬧，洗澡卻無熱水，孩子受寒生病，業者置之不理，夜巡確實為必要之惡。,3,1,0,2111,,2024/04/23,0
人多擁擠，住在G區，淋浴間與廁所與鄰居共用(鄰近的棧板若未搭帳，則為3人共用)，雖不甚方便，但環境仍算清潔。插座位置偏遠，需拉兩條電源線(10公尺加15公尺)才行，活動空間略顯侷促，冰箱則僅在營本部才有。,3,1,0,2139,,2022/04/13,0
營地或許略顯擁擠，卻也是與寵物能共享樂趣的好所在，看到牠們活蹦亂跳，為遊客帶來歡樂，亦是美好。,3,1,0,2174,,2020/08/12,0
我在七星潭地區，場地狹長，面積實在太小，根本無法容納七頂帳蓬，向業者反應，也只得到無解的回應。,3,1,0,2188,,2019/08/03,0
蟲蟲多(蟲蟲多)，第7區場地太小(超級擠，小朋友沒空間跑跳)，我不會推薦野餐。,3,1,0,2256,,2018/06/20,0
認同，營地需稍作改善，才更趨完善，下次來還想再去試試。,3,1,0,2267,,2018/05/01,0
"寬容度似未如言；2017-12/30-31-2018-1/1A區包訂10帳，卻因故被多占用3帳，業者稱是APP預訂系統錯誤，卻又不願確認對方透過APP的訂位訊息，和事佑業者不願得罪人，卻要客人吃悶虧，雖然只是一夜，卻我們五個月前預訂算什麼？ 其實很不爽，雖然我們也自得其樂三天(不然要我們怎麼想)，希望下次營主要有主見，不要再推說是系統問題了，該解決問題就要硬著頭皮解決。
寬容度似未如言；2017-12/30-31-2018-1/1A區包訂10帳，卻因故被多占用3帳，業者稱是APP預訂系統錯誤，卻又不願確認對方透過APP的訂位訊息，和事佑業者不願得罪人，卻要客人吃悶虧，雖然只是一夜，卻我們五個月前預訂算什麼？ 其實很不爽，雖然我們也自得其樂三天(不然要我們怎麼想)，希望下次營主要有主見，不要再推說是系統問題了，該解決問題就要硬著頭皮解決。",3,1,0,2292,,2018/01/08,0
營位配置與網站不同，我進去都還沒看到營位，就馬上去問工作人員。感覺很差，準備要搭方形帳篷，結果發現根本太小，沒辦法搭(我們在草地區，單人帳旁邊)。方形帳篷尺寸是440*550......，營區網站上標示營位是5*5......，供大家參考，無意間提點。,3,1,0,2348,,2017/07/14,0
蟲子很多，洗澡時浴室蚊蟲叢生， 很容易身上出現移動的Dior標誌，沒有水，沒有提供飲用水， 接著開車上山路不好開，道路不好開，看到轉進去標誌還要二十五分鐘，G區只有G1有景，可是夜景不是宜蘭市夜景，下次應該不會再去。 一千塊錢，在地方上可去的地方還很多。,3,1,0,2408,,2023/05/07,0
本次於草地G區露營，週末期間下了整整一整天的雨，抵達時因雨加上起霧，使得僅在廁所、浴室前方擺設的一盞小燈，光線相當昏暗，再加上營地排水不良，到處都是大小不一的水窪，使得搭帳篷的難度大幅提高，且因雨霧瀰漫，也沒能欣賞到當地景致。總結來說，日後不會再到宜蘭露營。,3,1,0,2410,,2023/05/07,0
路況不佳，導致汽車行駛困難，似是惹惱了營釘。,3,1,0,2421,,2022/05/07,0
廁所數量不足，的確會造成不便，尤其是排隊時，更是如此。或許可以增設幾間廁所，或是實施流動廁所，以紓解這個問題。,3,1,0,2461,,2020/05/07,0
"景致還不錯，未開發的G區，可眺望龜山島及蘭陽平原夜景，晚上燈光熄滅時，則星光燦爛，有機會看到銀河。草地區小朋友超愛，中間草地適合遊戲、玩沙，旁邊也有遮陽處及戲水區，不過水池邊緣較高，沒有上下水的地方，要注意天氣變化，管理員親切友善，廁所衛浴清潔度高。a區距離廁所稍遠，營位若帳篷數量多，衛浴可能不敷使用，熱冷水控制不易，有提供水桶，雖無小黑蚊，但這次遇到許多蒼蠅。 
景致還不錯，未開發的G區，可眺望龜山島及蘭陽平原夜景，晚上燈光熄滅時，則星光燦爛，有機會看到銀河。草地區小朋友超愛，中間草地適合遊戲、玩沙，旁邊也有遮陽處及戲水區，不過水池邊緣較高，沒有上下水的地方，要注意天氣變化，管理員親切友善，廁所衛浴清潔度高。a區距離廁所稍遠，營位若帳篷數量多，衛浴可能不敷使用，熱冷水控制不易，有提供水桶，雖無小黑蚊，但這次遇到許多蒼蠅。",3,1,0,2465,,2020/05/07,0
對於營地住客的行為，不滿意是常有的事，學生們熱鬧喧鬧，長輩們清晨起床影響他人安寧，維護環境清潔也是一大挑戰；而熱水供應不穩，更是雪上加霜；或許下次選擇營地時，要多加留意評價和資訊。,3,1,0,2470,,2020/05/07,0
營地雖小，海拔高度卻足，夜晚氣候佳時，得以觀賞星海，白天氣溫高，不建議正午時分登山露營，否則無遮蔽處可遮陽避暑，水電設施則無虞。,3,1,0,2479,,2019/05/07,0
我同意G區夜景確實迷人，但公共區域的清潔維護，確實有待加強，居民及訪客都應共同維持環境整潔。,3,1,0,2492,,2019/05/07,0
生日在那裡過真不錯，從台7甲線上下去轉一轉，路真暗，至少開20分鐘，夜晚開車要小心；營區蚊子超多，還沒有飲水機，住宿的朋友要注意。營地上的照片應該是好幾年前拍的，1000元一晚還有很多更好的選擇。,3,1,0,2537,,2022/12/08,0
我在G區營地白天夜晚看風景，確實是兩回事！草地營位草長到膝蓋，環境有點落寞，還常有虎頭蜂飛舞！設施上，衛浴設備、冰箱冷凍櫃位置方便，但洗手間廁所清潔得還不太好！景觀是營地最大的賣點，選擇G區才能看到夜景和龜山島！。,3,1,0,2540,,2022/08/01,0
晴天不雨，兒童仍嬉戲樂玩。,3,1,0,2544,,2022/04/08,0
辦公室環境雖不完善，設備也待維修，對員工工作效率，影響不小。,3,1,0,2547,,2021/11/22,0
二度光臨G區營地，發現位子狹小，營地規劃有待改善。營地內車輛停放凌亂，公共空間狹窄，帳篷前常有他車停放。營地收費18元，卻僅提供2間廁所、4間淋浴間，水溫時冷時熱。雖有提供2台冰箱，卻無法冷藏，食物因此腐壞，在廁所區設置的洗手台，也不利於清洗食物。營地在晚間頻繁跳電，甚至在清晨5時30分也曾發生，夏日無電扇可吹，須直接起床收拾帳篷。雖然景色秀麗，夜間涼爽，但仍不建議再度光臨G區營地。,3,1,0,2562,,2020/06/29,0
草地需增鋪草皮、通道間階梯需維修、浴室空間內的蚊蟲需處理。,3,1,0,2570,,2020/02/22,0
連假期間天氣雖雨，但遊客卻未因此減少，營地設施顯然無法應付滿坑滿谷的遊客，而原有的冰箱似乎也未維護得宜，希望能增設冷藏(凍)式分離冰箱。,3,1,0,2574,,2019/07/17,0
1.仍有改善空間，營位D和F與車道距離過近，對小孩來說並不安全。 2。浴室熱水時而冷時而熱。 3。不確定是冷藏或冷凍櫃，冷度也不足。 4。此次營期不幸碰到一對夫妻(飲酒過量)吵架，半夜的激烈爭吵驚擾到不少營友，希望營地晚上也能有管理員或業主在場，以便在發生任何問題時能即時處理。,3,1,0,2627,,2018/04/09,0
元旦節的天氣確實有些失望，對不對？而對住宿設施的評價，也聽到不少聲音，管理當局或許該好好檢討園區的規劃設計了。,3,1,0,2636,,2018/02/12,0
氣候惡劣，美景未能一覽，期待下次再訪！營地內，沙坑遮陽篷破損，孩童無法遊玩，建議儘速修繕，廁所洗手台髒汙，髒污堆積，略顯不潔。,3,1,0,2638,,2018/01/05,0
歡迎光臨！請問需要什麼協助嗎？我們很高興有你來我們這兒玩。,3,1,0,2711,,2016/12/30,0
環境整潔，草地修剪得當。,3,1,0,2796,,2021/05/07,0
不建議週五舉辦野營派對，主因是營主常常深夜才回營地，冰箱放在他們家中，要等他們回家才能放食物，結果我們隔天的主食雞肉就壞了。不過值得一提的是，衛浴設備很乾淨，營主也常維修各區公共區域的清潔。,3,1,0,2812,,2021/05/07,0
乾淨整潔的營地，衛浴設施維護良好，景致尚可，距離瀑布約40分鐘車程。,3,1,0,2819,,2020/05/07,0
好去處，蟲聲鳥語，雖無現代設施，卻增添其自然風味，瀑布近在咫尺，溪水清澈見底，平坦小水池，兒童玩水安全無虞，營區整體而言，還真不錯，除了蚊子稍多些。,3,1,0,2823,,2020/05/07,0
自然景致極佳，卻也蚊蟲滋生，夜晚蟲聲唧唧，怕蟲者宜慎思。空氣清新，但景緻欠佳，主人勤勞地打掃垃圾、清潔廁所。,3,1,0,2863,,2022/12/08,0
選擇C區，要看露客有無公德心。入住當晚十點半，卻有人大聲喧嘩，還有人在浴室彈吉他。十一點還有人吹風機吹髮、講話聲音卻比吹風機還大，向老闆詢問後，得知原則上晚上十點後禁止大聲喧嘩，然而仍有上述情形發生，老闆也未出面管理，或是向客人宣導。看來得靠運氣，希望下一位客人會有較好的體驗。,3,1,0,2903,,2019/08/20,0
環境不錯，業者用心經營，惟出入口道路狀況實在影響住宿體驗，車底板刮傷痕斑斑，泳池磁磚也需檢修，小孩受傷業者雖有提供保險，還是應該多加留意。,3,1,0,3029,,2023/05/07,0
不提供飲水機、盥洗用具，需自備，又景色平凡，附近農地多，蚊蟲叢生，山路狹窄顛簸，不宜低底盤車輛行駛，會車不易，個人不太推薦。,3,1,0,3078,,2021/05/07,0
不用道歉，我懂，這是我的家，我習慣客人什麼時候來，但請你們盡量在10點以後再進來，好讓我有點時間整理好家裡。,3,1,0,3086,,2021/05/07,0
我知道，你去過沒？聽說風景真美。,3,1,0,3090,,2021/05/07,0
很高興聽到你對新景點感興趣！溪州公園確實是個隱藏版的寶藏，園區內綠樹成蔭，還有清澈見底的溪水，絕對值得一遊。你去過公園裡的任何設施或活動嗎？我好想聽聽你的經驗！,3,1,0,3095,,2021/05/07,0
基本設施還算可以，不過晚上到早上卻一直飄散著一股濃濃的牛糞味，還真讓人受不了，蟲多我見過，但這次蜜蜂纏人的情形還真特別。,3,1,0,3107,,2020/05/07,0
營地規則明文禁止唱KTV，然而在此時此地，卻有兩組唱KTV聲響徹營地。我以為來到山上露營，可以享受藍天白雲、清新的空氣，但是絕對不是吵雜的噪音，絕對會扣分。除此之外，廁所清潔，營地乾淨，是個不錯的所在！。,3,1,0,3134,,2019/05/07,0
我知道，你我都為保存那塊地，成為公園，感到欣慰。不過，也理解開發的經濟效益，兩者間，總是拉扯不休。,3,1,0,3144,,2018/05/07,0
主人的熱情，令人感染，在地下噴水池，孩童們玩得不亦樂乎。,3,1,0,3158,,2023/02/16,0
路途：白蘭部落的路還算好開，但營地內的路較為陡峭，需多加留意。 冰箱：僅設有冷藏區，無冷凍區，且僅在營本部才有，取用時需步行一段距離。 廁所浴室：4區、6區浴室與廁所共用，無乾濕分離，水泥地板因長期潮溼，有青苔產生。以帳篷數量而言，若在熱門時段使用，廁所浴室勢必不足。浴室使用瓦斯，同行友人沖水至一半時常無熱水，需換間使用，幸好鄰間沒在使用。熱水管控有問題，稍不留神易結冰，浴室亦無裝設紗網，隔間內時常有蟲害。最後，唯一的小便斗有漏水問題，使用體驗不佳。 營位：營位空間大，土質適合紮營，惟部分地面略為傾斜，可能影響桌子或床位使用。 電力：晚間曾發生跳電，其他區也受影響無法使用，經營主修復後方恢復供電，我們因用電量少未受影響，但其他區使用者則不知情。,3,1,0,3270,,2024/01/07,0
第一區營地景色宜人，卻受兩隻雞不停24小時叫聲之苦，實在吵雜，十月二日晚上六區的雞竟然消失了，換成貓出沒，結果水龍頭卻漏氣，洗澡到一半變冷水，還怪三星。,3,1,0,3309,,2022/05/07,0
個人比較無法接受廁所和浴室合而為一，覺得私密性較低，除非是獨立的衛浴空間，否則就較不喜歡，至於景觀和草地倒是欣賞，它們為生活增添了不少自然之美。,3,1,0,3317,,2021/05/07,0
在吵鬧的營客上，管理員也該適時出面制止，才能確保所有人都能享有舒適的露營體驗；你說對不對，浴室廁所雖說還算清潔，但營客是否都能維持環境整潔，仍是一個問題。,3,1,0,3320,,2021/05/07,0
櫻花確實美不勝收，微風吹拂時，更是如畫如詩，惟一的缺點，莫過於如廁設施不足，眾人共浴時，冷熱水時有時無，電壓略顯不足，兩台吹風機使用，易造成跳電現象。,3,1,0,3323,,2021/05/07,0
天湖營地，聽說過，怎麼樣都好聽，營地環境怎麼樣，值不值得一去，你去過嗎？,3,1,0,3329,,2021/05/07,0
營地的衛生設施安排，大致上還算寬鬆，惟獨廁所未加蓋頂，導致夜晚蚊蟲飛舞，對小孩洗澡、上廁所而言，確實有些令人畏懼；而冰箱設置在營本部，若營主不在或休息時間，便會上鎖，這對帶著食材前來的露營客來說，略顯不便。,3,1,0,3350,,2021/05/07,0
四季樹下陽光少，酷熱難耐，山景卻秀麗(非花季時分，略顯無聊)，設施簡陋，收費卻高，營主才現身。,3,1,0,3370,,2020/05/07,0
"第2區範圍，供電30安培，跳電超過8次，感覺不佳，廁所衛生需加強。 
",3,1,0,3385,,2019/05/07,0
設施雖有老舊，但風景仍是迷人。,3,1,0,3396,,2019/05/07,0
2015年曾與親友一同到營地露營，享受大自然的美景，當時營地的衛浴設施為共用熱水器，因此水溫會隨鄰人使用情況而波動。還記得晚上與家人一起搓湯圓，甜蜜的滋味至今仍讓人回味無窮。,3,1,0,3403,,2019/05/07,0
我知道你指的，你說的是浴室吧，不是嗎，聽說他們打算重新裝修，說不定以後會變成小天堂。,3,1,0,3427,,2018/05/07,0
櫻花盛開，營地想必很美，帳篷前被樹木擋住，無法直接欣賞山景，略覺可惜，廁所還算堪用，水溫卻不太穩定，好在遇到好同好，和你的兒子玩得不亦樂乎，希望未因此造成他們困擾。,3,1,0,3447,,2022/01/23,0
第8營區位處偏遠，通往彈藥庫的道路蜿蜒崎嶇，下坡道陡峭，不利行走，且廁所因無頂蓋，蚊蟲叢生，衛生條件有待改善。,3,1,0,3461,,2020/12/14,0
對該營地的衛浴設施，你的看法怎麼樣？我聽說過有些營地設施並不十分完善。,3,1,0,3477,,2019/09/20,0
公廁加裝紙巾機，會比較方便，草地上的乾掉狗屎，的確不太衛生，建議加裝垃圾袋在垃圾桶內。垃圾桶沒有壓磚，確實會吸引野狗野貓在半夜翻垃圾，整體來說還是得改善才好。,3,1,0,3492,,2018/11/26,0
若無喪屍般惡態的蒼蠅，營區可謂淨土。,3,1,0,3522,,2023/05/07,0
我同意營地價格略為高檔，但地點絕對好，附近有不少登山步道，你去過附近哪些嗎？,3,1,0,3527,,2022/05/07,0
公共綠地、洗手間潔淨、營本部設有販賣冷飲攤位。,3,1,0,3559,,2021/05/07,0
草地柔軟宜人，兩棵落葉松樹之間就是營位，在變色葉的樹下搭帳篷，別有一番風味，車頂帳篷分離，若是人滿仍會覺得稍嫌擁擠，乾濕分離的衛浴淋浴很舒服，路況還算好走，進入營區的田間小路比較狹窄，周圍是果園農園，早上時分有零星蚊蟲出沒，下午看到農民戴口罩噴灑霧狀液體，希望那不是農藥啊！...。,3,1,0,3583,,2020/05/07,0
熱水器滴滴落落，冬令營中，誠屬異想天開；然營主限縮草地使用，理由在於中央走道，供高爾夫球車通行，亦屬行銷手法之巧。,3,1,0,3584,,2020/05/07,0
環境整體而言還不錯，只是周遭果園林立，蚊蟲稍多些。,3,1,0,3593,,2020/05/07,0
我同意，山水景致，令人心曠神怡，絕對是逃離日常瑣事的好去處。您去過山裡的哪些步道？我最喜歡的，是到水瀑步道，聽水聲潺潺，感覺世外桃源。,3,1,0,3612,,2019/05/07,0
草地舒服，廁所清潔，定時打掃，淋浴設施更是加分，但就人多擁擠這點，的確是小缺點。,3,1,0,3620,,2019/05/07,0
經過觀察，管理員認為，維持環境整潔，廁所清潔是重要的，而兒童活動空間稍嫌狹小，則是值得關注的議題。,3,1,0,3647,,2018/05/07,0
關於包棟民宿外圍營地電源增設的具體細節與規範，建議向當地主管機關如縣市政府或鄉鎮公所洽詢，以獲得最準確、最新的資訊。他們將能提供有關所需許可證、電力負荷計算、電線配置規範等具體要求。一般而言，在偏遠地區設置營地電源，可能需要考量到電力供應的穩定性、安全性，以及對環境的影響。在規劃與執行過程中，也應遵守相關的電氣安裝與安全法規，以確保住宿客人與營地工作人員的安全。若您是民宿經營者，建議您與電力公司及相關政府單位密切合作，以確保營地的電力供應穩定且符合所有必要的規範。,3,1,0,3650,,2018/05/07,0
優點：空間寬敞，適合野餐、球類活動；缺點：維護費用高，草坪受天候影響。,3,1,0,3657,,2018/05/07,0
"好處：浴室乾淨，草地綠意盎然，設施新穎。
壞處：蚊子很多，營地擁擠，兒童遊樂空間不足。",3,1,0,3677,,2018/05/07,0
此行真係風雨無阻(因為雨風沒大到足以延期)，主辦單位用心經營，我們都感受得到，免費的草莓可以採，隨性而為的用餐，更是難忘的回憶，在車上睡著了。,3,1,0,3681,,2017/05/07,0
場地廣大，區分多區，車輛停放集中於B區停車場，附近有民宿，建築設計獨特，卻未知其舒適度，營地空間寬敞，適合小孩子奔跑，地勢平坦，無危險之虞，惟視野未臻理想，鄰近僅有果園，稍嫌可惜。,3,1,0,3693,,2017/05/07,0
草地雖有不利處，但亦有其優點，例如能涵養水分、防止土壤侵蝕，還能提供野生動植物的棲息地。,3,1,0,3707,,2017/05/07,0
環境潔淨美觀，卻有跳蚤出沒，惡蟲叮人，癢得半死，實在令人苦惱。,3,1,0,3714,,2022-04-28T17:04:37+08:00,0
各線道寬度均顯狹窄，車滿為患，行至尾端，數處急陡彎道，更考驗著引擎、輪胎的實力，以及駕駛者的技術，夜間行駛尤其不建議。,3,1,0,3791,,2022/05/07,0
駕車行駛山路，確實需要些膽量，尤其是路況不明的情況下，你駕車時，是否曾有過驚險的經歷?,3,1,0,3873,,2023/10/23,0
我知道那條路，你說的對，真的很狹窄，又彎又窄，一不小心就容易撞到對方。但風景真美，尤其日出、日落時，更是美不勝收。,3,1,0,3874,,2023/10/23,0
吵死人營地~鄰居狗群狂吠~羊群叫個不停~清晨四點雞啼不停~。,3,1,0,3970,,2023/12/07,0
小黑蚊、家蚊，營地內貓狗翻垃圾桶成群，孩童遭跳蚤叮咬，夜晚及清晨野狗狂吠，隔壁鄰居的鵝聲也不小，營地無飲水機，草地多為碎石，廁所卻乾淨舒適，營主親切，只是行動不太方便。,3,1,0,3999,,2022/05/07,0
我喜歡營地安靜的區域，弓箭場雖小，還是好玩，可能因為沒什麼人在玩，所以不用排隊(那天去時正好滿營)。營地還有沙坑和水池，孩子們玩得不亦樂乎，當天還有搓湯圓的活動，營主人會廣播體驗時間。,3,1,0,4019,,2021/05/07,0
"1. 馬桶乾淨有浴缸及水瓢，但建議自備鉤環，方便懸掛個人物品。
2. 提供Wifi/草地墊/吹風機/脫水機/冷凍及冷藏冰箱/衛生紙。
3. 上層營地，下大雨時排水尚可。
4. 蟲子多，尤其是小黑蚊，同行親友及小朋友被叮咬不少。
5. 營地有小貓出沒。
6. 營位洗手台有遮陽傘，但只有不太亮的太陽燈，照明不足。",3,1,0,4020,,2021/05/07,0
營地越靠近入口處，景色越是秀麗，腳底下所擁有的視野，更是令人嘆為觀止，位處低處的涼亭，則是眺望之餘，消暑避暑的好去處，微風輕拂，樹蔭密佈，是個清涼舒適的所在，營主所舉辦的捏糖人活動，深受小朋友喜愛，冰箱空間有限，坡道則相當陡峭，端午節時，小黑蚊叮咬成群，讓小腿紅腫如豆，營主飼養的雞，不分日夜，半夜兩、三點就叫個不停，直到天亮。現場還有一座水池，適合小朋友戲水玩耍。,3,1,0,4028,,2020/05/07,0
進營區的小路彎曲，駕車須謹慎，勿盲目信賴導航；夕陽西下景色宜人，亦可參與活動，夜晚稍有潮濕，晨間日出尋覓遮蔭處；離公路稍遠，然因處山間，車聲嘹亮，尤以跑車為甚；整體而言，此營地值得一試。,3,1,0,4032,,2020/05/07,0
石門水庫湖光山色，微風輕拂，宜人哉，好好享受野營之樂，惟蚊蟲眾多，勿忘防蚊措施。,3,1,0,4039,,2020/05/07,0
景色確實迷人！捏陶、竹筒飯DIY活動略顯草草，射箭區則有荒廢的感覺。淋浴間雖只有3間，但水量充沛，熱水也夠用。,3,1,0,4043,,2020/05/07,0
洗手間清潔度尚可，唯獨空間稍嫌擁擠，其他均可。,3,1,0,4047,,2019/05/07,0
清新的空氣，營區鄰近河流，景色宜人。,3,1,0,4048,,2019/05/07,0
"浴室設施完善、電源插座齊全，停車位充足！但若夏天來訪，由於位處山上，可能較為炎熱、陽光較強。整體營地略顯擁擠，卻仍舒適；停車方式則要注意，可能因而縮小孩童玩球、飛盤的活動空間(但仍有空間)。營地清潔整潔，浴室、廁所都維護得當。水池部分，建議家長仍應陪同孩童同遊(水池水深淺，無危險性，仍須注意滑倒等意外)。營地主人親切好聊。若真要說缺點，大概就是路途稍嫌不明顯。
」。",3,1,0,4069,,2019/05/07,0
對住在台北市區的人來說，營地確實偏遠，但風景宜人，氣氛也真的不錯，營主將營地設計成階梯狀，分為四層，我們這次就住在最底層(靠近衛浴)，原本可以容納8頂帳篷，但因為大家都帶大型帳篷，再加上客廳帳，最後只搭了6頂。營地還有販賣部，可以買到飲料等必需品，設施還包括瞭望台、兒童戲水池、射箭區，對小朋友來說，絕對是消磨時光的好去處！。,3,1,0,4071,,2019/05/07,0
位於石門水庫附近的這座營地，交通便利，鄰近台3線，路途雖有彎曲狹窄之處，可能會讓部分乘客產生暈車症狀，停車位面積較小，若晚到欲卸裝備，較為不便，但營地提供推車協助。營地空間為梯田式設計，兒童活動空間有限，設有小水池及沙坑，帳篷與帳篷間距離較近。景觀上，則可欣賞到石門水庫之美，附近亦有新溪口吊橋及角板山形象商圈，湖光山色秀麗。衛浴設備方面，營地共有4間浴室、4間廁所及2座尿斗，雖然數量不多，但未曾出現排隊情形。清潔程度尚可，但未提供衛生紙。業者及工作人員態度親切，是一處值得再訪的營地。,3,1,0,4076,,2018/05/07,0
設施年久失修，缺乏維護，有淪為廢墟之勢(游泳池、沙坑、射箭場。..)，道路也損壞不堪，業主對誰負責也感到茫然。,3,1,0,4092,,2023/05/14,0
衛生設施待加強，對於環境要求不高的地方，這裡還可以；傍晚時分會有少數蚊子出沒。,3,1,0,4094,,2023/04/05,0
驚奇，去年參加過他們的活動，營地設施真的很棒。,3,1,0,4111,,2021/03/20,0
行動訊號微弱(中華電信)，營區內雖有WIFI，但洗澡時卻常無熱水，且須等待30分鐘以上。 ~~~~~~ 。,3,1,0,4193,,2024/04/07,0
浴室陳舊，缺乏景觀；黑螞蝗蟲猖獗，樹下雨棚區PC低，1300感覺不夠。,3,1,0,4225,,2023/05/07,0
開車來，極度上坡直接迴車，極度下坡，開車實在不好開，到了極致。在A區前的草地，雖小卻也很乾淨，小朋友在此玩得不亦樂乎。乾淨的廁所，洗手台的水是溫的，舒服，是冬天裡的好兆頭。由於地理位置處於山谷，沒有風，正好，晚上冷但風不大。有條溪水，但我們在A區，所以要走一段路才行，不過釣魚的感覺還真不錯。要請營主幫忙的是，要注意我十一點就睡，鄰居隔壁卻到三點還在聊，實在睡不著。,3,1,0,4235,,2023/05/07,0
老闆用心經營，設備一應俱全，各平台活動空間寬敞，設有廁所的平台，方便露營者使用，廁所旁洗手台並備有熱水，在寒冬中格外貼心。營地位處山谷，相對涼爽，晨光照射較晚，可容許晚起，惟須注意防蚊。Google導航可能會誤導，可留意營主的Google指引說明。,3,1,0,4306,,2020/05/07,0
營地空間有限，進出道路狹窄；道路終點臨溪，夜晚溪水聲大，不建議紮營靠近溪邊；各區洗手台設計不良；廁所淋浴間空間充足，卻常有熱水供應不足的問題。,3,1,0,4307,,2020/05/07,0
增設淋浴熱水器，可能是因為廁所空間有限，每30分鐘熱水器供應熱水一次，不足以因應連續使用的需求。可以考慮安裝儲水式熱水器，或增設獨立的熱水器，以確保穩定的熱水供應。,3,1,0,4338,,2022/09/19,0
洗手檯及廁所數量太少，C、D、E共用廁所實在太少，而熱水器轉到最熱只有溫水，並非我們露營者的問題，鎖住我們的廁所實在不合理，而營地跳電是否因為電力申請的電量不足，以致有人使用暖氣等高耗電產品就跳電，是否能在公約中訂定不要使用高耗電產品？又D區設置三個水龍頭，兩個在後方，一個在廁所前方，我們為了使用熱水洗手檯而必須與其他區域居民搶用，造成我們相當不便，因為其他區域居民也來使用，實在很不方便，連上完廁所要洗手都還得用自己帶來的茶水洗。,3,1,0,4355,,2022/01/03,0
對露營愛好者而言，互道早安，互道晚安，總是很愉快的。它為營地帶來一種凝聚力，讓大家感到如同一個大團體的一份子。,3,1,0,4373,,2021/03/20,0
該地排水不良，雨季時最好避開，第一次到訪草地秀麗，第二次卻草枯土溼，大雨沖刷，泥濘不堪，經驗很糟。,3,1,0,4385,,2020/10/13,0
1.特1區房間清潔度佳，惟1樓客廳，2樓旅客得穿梭經過，略顯怪異。2.特1區廚房設在廁所旁，常有異味瀰漫。3.其他部分尚可。,3,1,0,4429,,2023/05/08,0
老闆你話說得真好，這營地雖小，五葉松卻是寶，夏天蚊子多是事實，不過清澈的游泳池還是吸引不少人。管理上或許還有改善空間，比如嚴格執行入夜後不得進出的規定，晚上還是聽到敲打營釘、墊床的聲音。可惜遇到一些沒有公德心的露營客，對營地形象確實有影響，希望營地管理單位能正視這些問題，給遊客一個更舒適的環境。,3,1,0,4439,,2023/05/08,0
營地遼闊寬敞，旁邊還有一座湖泊可眺望，洗澡淋浴間沒有時間限制，營地內有多種露營模式可選，如有雨篷區、松樹下區、以及竹林碎石區，缺點是洗澡淋浴間數量稍少，冰箱也相對稀少。,3,1,0,4465,,2022/05/08,0
"我知道，對不對？
我是說，我知道你意思。
我們一定快點把這些討厭的生物打發走。
你吃過那家新開的海鮮餐廳沒？
聽說很好吃。",3,1,0,4475,,2022/05/08,0
寒流來襲，區內營地擠滿帳棚(疑超載)，未見民眾攜家用電暖器，營主反應迅速，惟半夜跳電數次，直至天亮方恢復。浴室提供男女各兩間、男女各一間蹲式廁所，吹風機僅設於女生側，冰箱則位處浴室旁。河堤步道通往石秀灣，僅在浴室旁方可抵達。,3,1,0,4476,,2021/05/08,0
根據你的描述，不建議選區B，原因在於浴室數量太少，各區應再少一間，且有蚊子及跳電的問題，加上五葉松林雖美，但也帶來一些困擾。,3,1,0,4488,,2021/05/08,0
現在八月，蚊子大軍來襲，毫不手軟，人平均二十幾個咬，最後只好採取逃之夭夭的收尾方式，建議攜帶頂級的強效防蚊液，不然就和我們一樣，蚊子來襲，噴也噴不走。,3,1,0,4498,,2021/05/08,0
請您再說一次，我這耳朵沒聽清。您說什麼？,3,1,0,4531,,2019/05/08,0
蚊子眾多，營主正巧修理水管，卻未留意到防水膠的排水問題，洗澡時水管膠惡臭四溢，又因攜帶年幼孩童，深恐他們會誤飲含有水管膠的水，向營主反應卻只得到抱歉之意，未思忖是否會有人誤食毒物。台灣民眾的環境教育，仍有很大的進步空間，此在國外恐已觸法。,3,1,0,4542,,2019/05/08,0
景色宜人，老闆亦如是，唯獨小黑蚊略顯擾人。,3,1,0,4549,,2019/05/08,0
馬桶是流動廁所，蚊子在裡面亂飛，真是一大問題。,3,1,0,4564,,2018/05/08,0
營地設施完善，免費提供地面防水地板，水槽水量充沛，電力也方便，廁所浴室清潔，草地寬廣，只是鄰近竹林裡的小黑蚊較多，叮人較兇。,3,1,0,4566,,2018/05/08,0
夏日蟲蟲叮人，真教人煩惱，短褲恐非最佳選擇，免得被蚊蟲叮咬。,3,1,0,4651,,2024/03/07,0
這次露營遇到的是老闆娘，態度很好，因為我們週日去，所以老闆娘也讓我們自由選擇營位，值得多給一星。可惜1。蚊子超多，一不小心就飛進帳篷，出去整個都是蚊子2。螞蟻超多，感覺螞蟻把蟻窩搬到帳篷裡，一整個帳篷都是螞蟻3。會飛的蟑螂和許多昆蟲在帳篷外徘徊4。營地設備缺乏維護，發霉生鏽，很可惜，不然應該很美5。營地燈很少，晚上有點昏暗。優點是營地其實很美(若不看發霉的部分)，有湖岸和溪流，晚上可以聽溪水聲入睡，心情還蠻愉悅的。,3,1,0,4676,,2023/05/07,0
原本以為離台北近，圖佳又有雨棚，應該會很放鬆，結果下雨，雨棚內積水，加上從帳篷走到廁所，一路都是水坑和泥巴，腳總是髒兮兮，那是一次相當痛苦的露營經驗；遇到蚊蟲也很多，不過在野外，這也說不太出來。建議營地設施要整修，排水也要做好一點，若是好好整理，我覺得這會是個很棒的營地！。,3,1,0,4697,,2021/05/07,0
蚊子太多，洗澡時熱水不穩，女廁馬桶常淹水，問題不少。,3,1,0,4708,,2021/05/07,0
水舞園，著名景點，以水舞表演著稱，位於南投縣魚池鄉。,3,1,0,4718,,2021/05/07,0
優：熱水來源穩定、廁所清潔度高。缺：業主少有親和力，亦不常巡視場域；如有訪客，則另收費用；夜間幾無路燈照明，部分路段則有坑洞，危險性高。,3,1,0,4724,,2020/05/07,0
對清水地質公園來說，交通或許稍有不便，但絕對值得一遊，園區內奇特的岩石地形，適合各年齡層遊客，可以健行、欣賞海景，還能到附近的清水老街大啖在地美食。,3,1,0,4771,,2019/05/07,0
我想，住在離市區近，對有些人來說，或許是個優點，但對我而言，我比較喜歡住在安靜一點、交通流量少一點的地方，我覺得那讓我更能專心從事我喜歡的戶外活動，如登山、單車等。當然，那也取決於個人對生活品質的定義不同。,3,1,0,4775,,2019/05/07,0
對於營地未符合預期，你感到失望，我建議你可以向營地管理單位反映他們的設施維護問題，或許他們會加以改善，更新網站上的照片，以反映營地的現況。這也有助於其他旅客做出更明智的決定。,3,1,0,4777,,2019/05/07,0
露營最重要的事，首推心情；其次則是夥伴現場空間OK，老闆熱情帶路，夜晚蟲鳴鳥叫，偶有螢火蟲點綴，幽靜偏僻的近城露營區，就值得了；即使網路上流傳的園區內相關景點已略顯年華老去的痕跡(湖上鋼琴可供彈奏)。,3,1,0,4780,,2019/05/07,0
位於台北近郊的營地，營位鋪設碎石，溪邊雨棚區則可避雨，淋浴間設施則可將水分均勻地分流，兩帳共用一組，鄰近溪水則可下水玩水，惟應將汙水集中處理後再行放流至溪中。,3,1,0,4792,,2018/05/07,0
環境乾淨，廁所也ok，只是晚上有點暗，路燈要多弄幾盞會好一點，宿舍距離營本部稍遠，沒飲水機，要走一段路，真的很不方便。,3,1,0,4797,,2018/05/07,0
好的，我了解了。園區的景觀，你覺得還好，但沒有特別突出的特色，是不是這樣？,3,1,0,4798,,2018/05/07,0
適合全家大小露營地~有山有水，適合全家大小互動，可烤肉玩水爬山。,3,1,0,4801,,2018/05/07,0
認同，樹下營火，蚊蟲較多，還好有防蚊蟲液，還好。您去過那裡幾次了？,3,1,0,4808,,2018/05/07,0
關於普普營地設施維護更新的問題，相關單位應該是林務局你可能要向他們查詢，更具體的話，則可以詢問他們所屬的國家森林遊樂區管理處。您可以透過電話、電子郵件，或親自前往他們的辦公室來與他們聯繫，以獲得有關設施維護與更新的具體資訊。作為民眾，我們應該尊重自然環境，維護營地的設施，以確保它們能為未來使用者提供服務。,3,1,0,4824,,2017/05/07,0
美觀與價格常是相斥的，你覺得該怎麼平衡？,3,1,0,4828,,2017/05/07,0
的確，自然與休閒間的平衡，似乎是持續演進的過程。,3,1,0,4831,,2017/05/07,0
真，但體驗，想必值得，下次或許再去好好看看。您去過園區內的哪些景點呢?,3,1,0,4834,,2015/05/07,0
環境設施雖有老舊，略顯可惜，若能加強湖畔景觀，定能更臻完美。黑蚊肆虐，或與附近果園有關。,3,1,0,5028,,2017/12/03,0
真可惜，沒能如願舉行野餐，下雨總是掃興，你打電話去詢問主辦單位，是否能退費或延期，我想他們應該會理解你們的處境，下次或許可以考慮備好雨具，或是選擇其他場地，以防萬一。花了一千塊錢，的確是筆不小的開銷，下次在選擇活動地點和備料時，要多加考量天氣因素，希望下次的野餐能順利圓滿舉行喔！,3,1,0,5087,,2017/05/29,0
可能雨勢有點大，沒能好好欣賞風景，但還是能欣喜地期待著，那道味道甜甜的紅豆冰，好好地慰勞一下自己，下次再找機會去好好享受那裡的美景吧。,3,1,0,5088,,2017/05/28,0
浴室的優點，還可以再加以改善，例如增設更舒適的馬桶、淋浴設備等。,3,1,0,5095,,2017/05/14,0
在台北，交通確實四通八達，市內有密密麻麻的公車路線、捷運網，還有眾多的計程車及YouBike站，方便民眾往來各地。,3,1,0,5137,,2017/02/28,0
浴室數量顯然不敷所需，該檢討現行的配置，以求舒適度。,3,1,0,5168,,2016/12/03,0
廁所與淋浴間都五星級，淋浴間更是乾濕分離超讚！營地全區都是雨棚，周邊景點選擇卻有點少！營地可能位在山谷中，四面八方吹來的風實在讓人受不了！營地周邊也還蠻雜亂的，你知道的，附近有一條庫志溪，可以去抓魚、抓蝦喔！。,3,1,0,5241,,2021/05/07,0
氣候宜人，地主夫婦和氣，是度過愉快時光的好兆頭。,3,1,0,5249,,2021/05/07,0
野營、山嵐、溪水，聽起來是個好玩的行程，你去過哪些地方有這樣的景致呢?,3,1,0,5282,,2019/05/07,0
雨棚搭棚，水泥地面，地上留有四個金屬孔蓋，鄰近有溪水流經，營地規模不大，未規劃客廳帳篷空間。,3,1,0,5298,,2019/05/07,0
整潔明瞭，營位略嫌水龍頭位置不佳，影響他人動線。,3,1,0,5391,,2018/09/25,0
"11/18在竹雞區，我給4星，還算可以的草地和OK的釘子是加分項。然而有幾項需改進之處：1. 沒處理斜坡破管，導致廢水直接流到草地，造成帳篷區積水。2. 9帳共用2衛浴，雖乾淨但其中一間熱水器週六晚上故障，沒人處理也沒警告標示，冷天洗冷水澡很糟。3. 廚餘桶擺放不當，沒考慮營地有貓狗，果然半夜被翻倒。4. 營位寬5米，大帳進出略有壓迫感，視野僅老鷹區略佳，其他區視野受阻，竹雞區更是完全看不到風景，整體而言不如鄰近烏石坑的獨立區或C區。
我的回應是：在竹雞區住宿，我給4星，還算可以的，草地和釘子是加分項。不過還是有一些需要改進的地方：1. 那破的斜坡排水管沒處理好，水直接流到草地，造成帳篷區積水。2. 9個帳篷共用2個衛浴，雖然乾淨，但其中一個熱水器在週六晚上故障，沒人來處理也沒警告標示，冷天洗冷水澡很糟。3. 廚餘桶擺放位置不佳，沒考慮營地有貓狗，果然半夜被翻倒。4. 營位寬5米，大帳進出有壓迫感，視野只有老鷹區略佳，其他區視野受阻，竹雞區更是完全看不到風景，整體而言不如鄰近烏石坑的獨立區或C區。",3,1,0,5413,,2023/12/08,0
環境絕佳，唯浴室明顯不足，駕車行經蜿蜒狹窄的山路，低底盤車輛須謹慎通行。,3,1,0,5482,,2020/05/08,0
聽說過路段，你指的應該是台3線吧！對很多駕駛人來說，那段路確實是個挑戰，尤其是下雨天，但風景我絕對不爭，你從海邊一路往北開，沿途海岸線、山景，真的是美不勝收。,3,1,0,5483,,2020/05/08,0
感謝您的寶貴意見，我會將您的建議轉達給相關單位，以改善營區的設施與管理，確保遊客擁有舒適的住宿體驗。關於入口道路狹窄的問題，我會與相關單位協調，研究拓寬或改道的可行性，以利夜間疏散遊客。再次感謝您的關注與支持，希望您在未來能再光臨我們的營區。如有其他需要或建議，歡迎隨時與我聯絡。謝謝！,3,1,0,5715,,2017/10/23,0
前往營地的路開車很方便，營地內設有兒童設施、冰箱、飲水機等，並有寬敞的草地空間，環境相當舒適，營主也很親切。然而，1.洗澡時間有限(晚上12:30前)，白天無熱水。2.裝備須在狹窄的柏油路下取用，壓力較大，且下裝備時易阻礙後方車輛。3.適合騎車空間僅有寬窄的柏油路。4.收營時間較硬，缺乏彈性。5.海拔低，可觀星，光害則來自門口路燈。6.A區第3帳後至衛生清潔區距離雖不遠，但步行略為疲累。整體而言，仍會列入未來露營選項，但裝備取用地點確實是個缺點，希望營主能思索改善之道。,3,1,0,5795,,2023/12/08,0
"優點：冰箱及冷凍充足，草地空間足供孩子打棒球，籃球場運動，還有腳踏車、沙坑和水玩區及飲水機，稱許營主一家維持環境整潔，清運垃圾及分類，雖然廁所、浴室數量少，但定時巡視維護環境，還有工作人員開罐頭車檢查營地，注意孩子安全，廁所門上的置物架，感受到用心經營。待改善硬體：女廁浴室的冷水流量小，如筷子細，是否要放水桶好幾個小時？水溫不穩定過熱，僅有5個淋浴間，回應營主是太多人用水？洗澡很痛苦，考慮加裝泵浦。 最後要選對季節來，今天風大，幸運沒遇到小黑蚊，小黑蚊體型輕，怕風。
益處：冰箱及冷凍充足，草地空間足以供孩子打棒球，籃球場運動，另有腳踏車、沙坑和水玩區及飲水機，稱許營主一家維持環境整潔，清運垃圾及分類，雖然廁所、浴室數量少，但定時巡視維護環境，還有工作人員開罐頭車檢查營地，注意孩子安全，廁所門上的置物架，感受到用心經營。待改善硬體：女廁浴室的冷水流量小，如筷子細，是否要放水桶好幾個小時？水溫不穩定過熱，僅有5個淋浴間，回應營主是太多人用水？洗澡很痛苦，考慮加裝泵浦。 最後要選對季節來，今天風大，幸運沒遇到小黑蚊，小黑蚊體型輕，怕風。",3,1,0,5818,,2023/05/08,0
優點：營地海拔不高、開車路況良好、兒童設施豐富、草地適合兒童玩樂。缺點：蚊子眾多，施打防蚊液後仍會被叮，全天都有，晚上更有大型斑蚊，叮後疼痛，下次可能選擇冬天較為合適。,3,1,0,5824,,2022/05/08,0
個人認為，這是一個很適合習慣熙攘、大鍋炒、白天不怕吵鬧的人的營地，鄰帳距離近，晚上10點靜音或無聲有嚴格要求。營位狹窄，帳篷與天幕的擺放方向還會被管理員叮囑一番，地面上沒有明顯的標示區域，營釘放置的位置稍有偏移也會被糾正。廁所與浴室在週末時顯然無法應付五、六十座帳篷的人潮，熱水只提供晚上6點到12點，尖峰時段總是大排長龍，水壓也不穩定，冰箱冷凍冷藏裝滿到溢出，食物被擠壓得七零八落，也常有遺失無蹤的情形。營位旁的插座電壓相當不穩定，可能與使用人數過多有關，夏天時可能較容易發生跳電問題。夜衝者建議在晚上10點前抵達，因為晚上10點後營地會直接上鎖。營地清潔與維護得很乾淨，大概不是我和朋友們喜歡的營地型態。來此營地前，建議先看看營地須知及規定，以免不小心違規而被念。,3,1,0,5851,,2021/05/08,0
為提供友善露營的電力穩定度，須從電力基礎設施、發電設備、管理制度等多管齊下。,3,1,0,5852,,2021/05/08,0
區A和CD區不同，區A的車停車場要停遠一點，在帳棚前面比較好看，但和區CD一樣共用廁所及浴室。如果帳棚放滿，洗澡可能要等很長時間，洗澡時上方會冷，廁所很乾淨，有拉門，也有準備衛生紙。如果在區CD比較靠近尾巴的位置，要注意除了走一段路到廁所以外，12月還是有一點點蒼蠅，還有很難避免的螞蟻，嚴重時甚至會侵襲帳棚和愛車；建議選擇較前方的營位，不過營主分配位置不太會有帳篷相連天際線的問題，小孩子應該會喜歡，有沙坑、籃球場、腳踏車、鞦韆，適合有小孩的家庭前往，還有冰箱和飲水機，建議食物飲品都準備好再去，開車下山10幾分鐘到20分鐘左右才有711。,3,1,0,5857,,2021/05/08,0
孩童戲水後，缺乏24小時熱水沖洗，相當不便。,3,1,0,5911,,2023/12/28,0
我知道你覺得，瑪麗亞。但老闆這樣緊迫盯人，是他管理事業的方式，他不想妥協。你得學著適應。,3,1,0,5921,,2022/05/16,0
"與鄰居晨間六點割草產生的噪音問題，確實是個棘手的狀況，身為經理，負有維護營區和諧的責任，我會先嘗試與鄰近的鄰居溝通，表達我的關切，說明他們的作業時間對其他營客的影響。
如果溝通無效，我可能會考慮在營區規則中，加入關於噪音管制和作業時間的規定，大家共同遵守。我也會和營客保持透明，讓他們知道可能會有噪音和作業時間的問題，並讓他們自行決定是否願意承擔這些潛在的干擾。
最後，如果問題持續存在，我可能會建議營區管理層，考慮對違反噪音規定的鄰居採取行動，例如罰款或要求他們改善他們的作業方式。維護一個和諧的營區環境，對所有人都重要，我會盡我所能，確保所有人都能享有舒適的住宿體驗。",3,1,0,5933,,2020/11/30,0
主動聯繫不足！連日大雨，在出發當天一大早，就應該更主動地聯繫營主，確認是否有退訂露營者的動作。直到晚上七點半才回覆沒問題，但大家早就出發了。小黑蚊數量驚人，到我懷疑不已。草地積水嚴重，儘管有提供草地墊，卻仍泥濘不堪！整場設施，只有浴室算是不錯的，排水速度若能加快會更好！。,3,1,0,5956,,2019/06/10,0
草地長了，但還是得修剪才好。A區如果三層朋友同時到來，搭帳篷會是場災難，營位狹小，搭完客廳帳，幾乎沒有空間活動。車子無法會車，即使收好也無法離開，停車位離營位有一段距離，沒有推車可用，全靠人力接駁，這一點很容易造成家庭失和。可能春夏交際，加上旁邊有果園，蚊蟲非常多。浴室廁所還算乾淨整潔。垃圾桶只有入口處才有(但這還好)，只是帳篷數量多，就會裝不下。下大雨，草地排水有問題，會積水。,3,1,0,6006,,2024/05/05,0
你在11月18日至19日於某地露營，環境還不錯，卻遇到熱水器問題，在洗澡時常常洗到一半變成冷水，差點感冒，打了三、四通電話給營地工作人員，卻都無人接聽。,3,1,0,6014,,2023/12/08,0
對，我也聽過，聽說是節省空間、方便搬運的好東西，你用過嗎?,3,1,0,6015,,2023/11/08,0
廁所安排不錯，惟有營本部設有冰箱，對於在C區的我們來說，到B區的大草地較不方便，草地雖適合小孩遊玩戲水，卻也因無冰箱而造成不便。A區營位較為狹長，若搭大帳篷可能略顯擁擠，且草地不平整，有處坑洞，須注意搭帳篷位置。洗手台數量不足，網站上載明為3座，卻被安排4帳篷共用同一區。當地此季有螢火蟲，但亦有許多小黑蚊、螞蟻蜘蛛(體型不小)，白天有蒼蠅，最令人惡惡的是還有大蟑螂，生態相當豐富。,3,1,0,6022,,2023/05/08,0
香港返來的大哥，親切熱情，卻因住宿環境噪音問題，晚上10時後，鄰桌喧嘩不斷，經勸阻無效；同宿者玩牌聲大、飲酒群唱歌放音樂、言語喧鬧，直至凌晨12時餘，方漸次平靜，才得以入眠。,3,1,0,6033,,2023/05/08,0
"您好！很高興聽到您對我們營地的環境與設施感到滿意。對於您所遭遇的不愉快經驗，我們深感抱歉。營主的朋友們應遵守營地的規則，不應該對客人施加壓力或侵犯他們的私人空間。我們會再次向營主及員工強調這一點，並採取必要措施，確保類似情況不再發生。

我們很珍惜每一位客人的光臨，也重視您們的回饋。如果您願意，我們希望您能給我們一個機會，證明我們值得您再次光臨。若有任何其他疑慮或需要協助之處，請不吝與我們聯繫。謝謝您對本營地的評價，希望您能給我們一個改善的機會。

祝您與家人朋友都安好，如有其他需求，歡迎隨時與我們聯絡。",3,1,0,6055,,2022/05/08,0
兩點多到達，營主方才正準備起搭租來的帳篷，直到黃昏才搭好，最糟糕的，是半夜氣墊床漸漸消氣，還不只一個@@，第一天廁所味道還蠻重的，小孩不斷喊好臭，隔天早上清洗乾淨就好多了。建議廁所外的洗手台，設置肥皂，可別小覷在疫情期間的重要性喔！。,3,1,0,6066,,2022/05/08,0
眾所周知，週末人潮眾多，建議提早規劃，以免擁擠；專屬停車位，的確能省下不少麻煩；廁所外觀潔淨，但維護工作顯然還有待加強；附近的長興國小，是帶小孩玩耍的好去處。,3,1,0,6096,,2021/05/08,0
公共廁所雖說還算乾淨，不過，蚊子確實還是滿多的。,3,1,0,6120,,2020/05/08,0
我同意你的說法，我去年曾在那裡露營過，的確如你所言，營地設施有點老舊，帳篷間距也稍嫌擁擠，不過風景真的很美，還是值得一去的。,3,1,0,6128,,2019/05/08,0
環境宜人，卻被帳位眾多而顯得擁擠，廁所數量亦顯不足，鄰近D區的排水溝更瀰漫著惡臭。清晨狗群在營位間嬉鬧，不慎留下排泄物於帳篷邊，心情為之煩悶。,3,1,0,6132,,2019/05/08,0
玩沙池、水塘，孩子們總是興味盎然，記得小時候，也愛去這樣的處所玩水、捉蟹。,3,1,0,6156,,2018/05/08,0
營地綠地保養得真好，不過宿舍費確實略高，聽說要漲價了。,3,1,0,6157,,2018/05/08,0
"優點：廁所乾淨、服務人員態度佳，缺點：帳篷間距近、地面不平整，驚訝租到帳篷時，才被告知要加收搭帳費，且無法選擇搭帳種類，對此感受不佳，且原因在網站上無法說明。》
這個回應是根據所提供的對話上下文，以繁體中文重新表述。",3,1,0,6180,,2023/02/13,0
營區人潮眾多，垃圾處理宜加強。,3,1,0,6228,,2019/03/02,0
營地面積狹小，帳篷眾多，噪音擾人，夜間及白天不知是營地內的狗或鄰家犬吠聲，實在煞風景，不論白天或夜晚，都無法逃脫狗叫聲、小孩尖叫、露營客談話聲，管理員卻從未出面處理，蚊蟲亦特別多。.....。,3,1,0,6281,,2018/04/06,0
根據你的描述，老闆的性格可歸納為熱心但話不多，且可能在約會後沒有主動聯繫的傾向。,3,1,0,6337,,2024/04/08,0
湖邊景色宜人，坐著聊天，感覺真好，這兩個位子，確實是個好所在,3,1,0,6412,,2019/05/08,0
我知道，你我都去過，覺得還好，說不定下次去找找看其他選項。你去過園區裡的瀑布走廊嗎？聽說風景很美。,3,1,0,6423,,2019/05/08,0
環境尚可，地勢分三層，最高層僅有一浴室，略顯狹窄，二樓空間不大，但設有4間浴室，與三樓共用，人多時，希望能定期清理廁所的垃圾會更好。,3,1,0,6426,,2019/05/08,0
每個帳篷幾乎都有棧板，所以睡得很舒服！早上起床就期待著美不勝收的景致！可惜營地較小。。但這營地有販賣部，可以補充一些飲料或生活用品。,3,1,0,6500,,2018/05/08,0
裝潢雖說景觀不錯，但收費稍高，還是讓人覺得值不值得。,3,1,0,6502,,2017/05/08,0
單純的淨土，清幽之地。,3,1,0,6625,,2021/05/08,0
遠離城市喧囂，於山林間賞景，心境清澈，為下一次挑戰做好準備！。,3,1,0,6641,,2020/05/08,0
上山路段路況不佳，駕車行經時務必小心；營地景致宜人，卻也坡度起伏頗大。,3,1,0,6713,,2021/04/26,0
場地寬敞遮陽棚設置完善，前方空地不小，主人家的狗兒貓兒都很親人，超級可愛，不過小黑蚊實在太多了，將近20位大人、小孩都被叮過，得準備捕蚊燈，建議選在天氣涼爽點的時候來比較適合。,3,1,0,6754,,2023/08/08,0
7月份租下櫻花區5帳，只有1間廁所、2個洗手台(但1個較為老舊，不太方便)，對5帳來說略顯不足，小黑蚊很多，但營主會提供大蚊香。櫻花區需使用對面營本部的冰箱，但冰箱因營主私人使用，內有許多醬菜罐，味道像阿嬤的冰箱。若有冰箱的營客，建議使用自有冰箱。營地遇到營主朋友上山野餐，冰箱塞滿2箱啤酒，一整天唱歌到晚上10點，熱鬧非凡。營地有親人的貓狗，溫和不怕小孩，步行4分鐘有清涼溪水可玩，營主夫人會提醒可將蚊香帶至河邊。整體而言，場地偏小，設備可再加強，自然環境則不錯。,3,1,0,6775,,2023/05/08,0
黑蚊加上無數蚊蟲，伴隨大雨，營地成水鄉濱渡，應是碎石鋪設不良，致使爛泥溼滑，洗澡及如廁空間狹小，五個營位僅一處可洗澡如廁，電源供應又需拉線過長，危險性高。,3,1,0,6776,,2023/05/08,0
"主人夫婦十分和藹，隨叫隨到，很是好話。離古街也不遠，結帳後還可去古街閒晃覓食，很是輕鬆愜意。不過營地有些問題，1。廁所共用，要等上好一陣子才輪到2。營地有貓兒，貓兒會到營位跑來跑去，還會跳到餐桌上，甚至咬營帳，因為不怕人，趕也趕不走，半夜還聽到露客尖叫說帳篷拉鍊被咬3。半夜沒路燈管制，兩三點還是很多露客走動、探險、聊天，會建議部分路燈調整時段，管制一下會更好4。水槽數量不足，和廁所一樣，要排隊洗菜洗碗，遇到煮飯時間就卡住了。
主人夫婦十分和藹，隨叫隨到，很是好話。離古街也不遠，結帳後還可去古街閒晃覓食，很是輕鬆愜意。不過營地有些問題，1。廁所共用，要等上好一陣子才輪到2。營地有貓兒，貓兒會到營位跑來跑去，還會跳到餐桌上，甚至咬營帳，因為不怕人，趕也趕不走，半夜還聽到露客尖叫說帳篷拉鍊被咬3。半夜沒路燈管制，兩三點還是很多露客走動、探險、聊天，會建議部分路燈調整時段，管制一下會更好4。水槽數量不足，和廁所一樣，要排隊洗菜洗碗，遇到煮飯時間就卡住了。",3,1,0,6789,,2022/05/08,0
棚區地狹人稠，無照明，淋浴水壓不穩，易將衣服打濕；廁所為鐵皮搭建，在洗澡之餘，還得忍受隔壁傳來的臭味，令人作嘔。5帳共用2洗手台，收費高達1200元，在設施較佳的營地同價位下，實在不值得。,3,1,0,6801,,2021/05/08,0
公園地太小，活動空間確實受限，但周邊山水，還是吸引不少遊客。,3,1,0,6825,,2019/05/08,0
對營地的第一印象是陡峭的坡道，讓我對帶著小黑的我捏了一把冷汗，幸好老闆娘很親切地招呼我們，並提到晚上會有螢火蟲，晚上關燈後，確實看到不少螢火蟲，可惜沒拍照留念。營地採梯田式設計，各區域都不大，廁所與衛浴各一間，插座數量也不多。我比較不滿意的地方是蒼蠅較多，景觀也還好，唯一比較好的地方是營地下方有一條溪流，適合小孩戲水，水質乾淨，在有大人陪同下，是蠻安全的，孩子可以在那裡玩上半天。說實在的，我不太推薦這個營地。,3,1,0,6841,,2018/05/08,0
因此浴室在夜間使用率較高，故在晚上洗澡時，可能會出現排隊等候的情形。,3,1,0,6844,,2018/05/08,0
各區分布佳，未附鋁箔板租帳篷較好。,3,1,0,6847,,2018/05/08,0
輕度露營家庭或許會覺得雅舍稍嫌狹窄，若想體驗大自然，可能要找其他選項。,3,1,0,6917,,2019/10/21,0
場地尚可，惟須留意狗群追人問題，草地維護尚可，道路會車方便，但營主互動冷淡，或許是個值得注意的警訊。,3,1,0,6920,,2019/09/17,0
"1。浴室最好分開，淋浴覺得髒兮兮！。 2。網路上廁所配置圖與實際有出入，真挫折，10-11帳共用2間廁所，快要發瘋了！。 3。營區規劃還待加強，去辦公室拿東西，幾乎都要經過他人營地(我是五葉松區)；從五葉松不經過他人營地，坡度太陡，加上階梯做得不好，小孩子在那邊摔跤受傷。 4。遇到沒水電的露客，二天不停唱卡拉OK，真困擾！。 5。營地位置還算不錯，附近景點都很近。。
方程式。 你對該營地的意見很中立，提出了幾點需要改進的地方，如增加獨立淋浴間、改善營地規劃、管理卡拉OK使用等。同時也提到營地位置方便，靠近景點。這些意見應該對管理單位有幫助，以改善營地設施與住客體驗。",3,1,0,6933,,2019/01/07,0
感謝您的回饋，我會把這些意見轉達給相關人員，以做改善。關於蚊香的提供，我會再與管理員確認頻率與數量。關於衛浴設備，我會要求維修或更新。至於動物問題，我會與管理委員會討論，尋求解決之道。再次感謝您的寶貴意見，希望您能繼續光臨我們的營地。如有其他問題或需求，請不吝與我聯絡。,3,1,0,6948,,2018/11/26,0
休閒區，好去處，放鬆身心。,3,1,0,6969,,2017/08/21,0
我了解您的疑慮，我會去查明情況，與相關人員討論，看怎麼才能讓淋浴間水量、水溫更穩定。您放心，我會跟進這件事。,3,1,0,6970,,2017/07/23,0
謝謝您的肯定，我們很重視客戶滿意度，會繼續努力提供最佳的服務與體驗。歡迎您再次光臨我們的店鋪！如有任何需要，請不吝與我們分享。,3,1,0,6987,,2017/03/12,0
從高處俯瞰，雲霧繚繞，森林平坦，帳篷橫置而非直立，景致遂受阻，不得不仰望他人營地，石地稍有傾斜。夜景區雖景色宜人，卻過度擁擠，帳篷仍橫置，與鄰帳距離過近，無法盡享客廳帳之景。浴室燈光昏暗，熱水供應穩定。若非擁擠，可考慮夜景區，下次或將三思，主人態度則屬和善。,3,1,0,7053,,2022/05/09,0
森林區雖好，夜景亦美，惟東北季風增強，樹林區風勢較大，住宿無浴室，行程安排建議改用其他住宿選項。,3,1,0,7060,,2022/05/09,0
根據我所擁有的資料，竹62線並沒有直接與鐵道相連，可能你指的的是其他道路或產業道路，若您能提供更多相關資訊，我會很樂意為您進一步釐清。,3,1,0,7076,,2021/05/09,0
地形崎嶇，不利行駛低底盤車，然而夜景與景致，卻是絕佳。,3,1,0,7097,,2020/05/09,0
請您再說明或提供更多相關資訊，我將很樂意協助您找到正確的路線或提供其他相關資訊。請您提供更多關於您所在的位置、想要前往的目的地，以及您已經走過的路線等細節，我將很樂意為您指點迷津。,3,1,0,7386,,2021/05/09,0
場地景觀以石板路為主，老闆親切好溝通，惟員工頻頻抱怨，令人感覺煩躁。,3,1,0,7387,,2021/05/09,0
營地最大的優點，在於鄰近有溪水及幽靜的環境！每區都充滿超載的感覺！營位略顯狹小，帳篷密度高，讓人感到擁擠不適。建議每區應少設幾頂帳篷，才是剛好。,3,1,0,7423,,2020/05/09,0
老闆熱心、浴室乾淨、空間巧妙。,3,1,0,7425,,2020/05/09,0
4月後，適合全家出遊，結伴同行，徜徉賞螢火蟲、露營樂趣。,3,1,0,7436,,2019/05/09,0
平日，冬天用電暖器容易跳電，即使是低瓦數的，也會遇到超強寒流，B1區只有一間屋頂，上頭開兩台380瓦就跳電，老闆說改用煤油暖爐，所以冬天沒有煤油暖爐不建議來。,3,1,0,7461,,2022/12/22,0
區域A二，空間窄小，廁所無法容納圓頂帳，清晨醒來，卻發現有其他狗屎出現在我們營地前，差點就糗大了^_^。,3,1,0,7467,,2022/09/12,0
夜半犬吠，理所當然會擾鄰，是否可加以制止，卻也涉及幾項考量。,3,1,0,7480,,2021/10/17,0
他們確實是，我有幸與他們合作過幾個案子，他們是業界的真專家。,3,1,0,7509,,2019/03/05,0
我們營位位在景觀A2區，與鄰帳間空間狹窄，幾乎沒有私人空間...雖然事前知道營主將營位格位調整，但未料到會變成如此擁擠的區位...一個標準帳位變成約5*8公尺大小(不建議攜帶5*8公尺的大帳篷)，人一多，廁所就髒亂、惡臭，營主也沒有勤於清理垃圾和維持環境整潔。...除了風景還算不錯之外，其他都讓人相當失望。,3,1,0,7519,,2024/04/09,0
"景區真美，給5星。我這次過年露營經驗還不錯，我們包了5帳，但最後收工時卻有點不滿，例如：一、熱水器沒熱水，冷得要死，只好穿上衣服去其他帳等熱水：二、收工時間明明是中午12點，下一組13點後才能進場，卻在11點多就讓其他客人進來，還在我們旁邊晃來晃去，管理員在出口處也沒在管制，客人也無視於營規，一直覺得遲早會發生衝突，中午12點下山離營，下山路上車子還狂按喇叭。不像第一次來騰雲時的感覺，此次包區雖說舒服，但其他因素卻令人不悅。
營地主若能好好規劃、約束進場時間，或許會好一點。這是第二次來騰雲，感覺有落差，雖然第一次來時，帳與帳間有點擠，但還是可接受，此次則因其他因素，感到不滿。",3,1,0,7534,,2024/03/09,0
風光明媚、設施完善！感覺管理得當地對環境十分用心！我們預訂了週間三天兩夜的行程，第一晚遇到的露營客都很有水準，睡得也很好！但第二天營主告知我們，晚上有三個團體會在凌晨一點夜衝，營地就在我們營位附近！真的不誤啊！凌晨一點的夜衝，你不擔心會不會影響到其他露客嗎？我們當天沒有選擇留下來，下午就收拾帳篷離開了！也不在意半夜有人搭帳篷、敲打營釘啊！這裡真是一個大膽嘗試的好去處！。,3,1,0,7542,,2024/01/09,0
對這營地的第一印象就不太好，路標指示雖說還算清楚，不過設施卻有待改善，如淋浴區缺乏肥皂放置架，造成洗澡時不便。而最讓人無法接受的，莫過於電壓不穩，在11月18日晚間就跳電兩次，影響住宿體驗。希望管理單位能正視這些問題，並作出改善。,3,1,0,7548,,2023/12/09,0
營地景色宜人，惟未見管理露營事宜，夜遊至十餘點，深夜十二點仍聞打釘聲，鄰近夜市喧囂，台灣民眾熱情好客。,3,1,0,7556,,2023/11/09,0
前晚急就章訂的營地，卻因為晚到而分到視野較差的位子。營地依山坡地形而有不同區域，營本部頂端有一處涼爽寬敞的活動廣場。整體而言，落葉松林木仍略顯稚嫰，廁所雖分區設置，數量與空間仍有待加強。營地主人似乎仍在擴建中，許多地區皆是挖土機作業中的空地。最高處視野極佳，但其他地區則平凡無奇，營地內營位密度過高，有超收之嫌。途中經過九份二山紀念園區，反而是個不錯的休憩點；營地勉強可當過夜地，總體而言，尚有許多待改進之處。,3,1,0,7560,,2023/10/09,0
"優點1.營地道路好開，全是柏油路2。特區視野佳，尤其是特2區，面對著寬闊景致3。氣候好，可欣賞到滿天星辰缺點1。營位太小，除了落羽松區，其他都帳帳相連2。廁所衛浴太少，且為男女共用，尖峰時段需排隊，廁所也無定時清潔3。水龍頭、冰箱也無整理4。晚上無休息時間管制，有露客聊天到2-3點5。隨時可吸到二手菸 其實營主感覺還不錯，但對不守規矩的露客恐也無可奈何
。",3,1,0,7567,,2023/09/09,0
"優點：1.夏天來訪，景色不錯，溫度也適中，儘量避開正中午的烈日，找個通風處還算舒服。2。浴室遇到沒熱水，立即反映並處理，很棒。3。草地照顧得很好，排水性佳，營釘也好打。缺點：1。飲水機上蓋、馬桶水箱蓋等多處平台平面，顯然未定期清潔。2。營地大螞蟻很多，尤其是停在樹邊的車子，要注意，沒多久就爬滿整輛車了。3. 如同其他多數營地，對於營地內抽菸、深夜清晨吵鬧的人，並未加以勸阻或明文禁止，重視露營品質的人請多加留意。
翻譯如下：
優點：1. 夏天來訪，景色不錯，溫度也適中，儘量避開正中午的烈日，找個通風處還算舒服。2。浴室遇到沒熱水，立即反映並處理，很棒。3。草地照顧得很好，排水性佳，營釘也好打。缺點：1。飲水機上蓋、馬桶水箱蓋等多處平台平面，顯然未定期清潔。2。營地大螞蟻很多，尤其是停在樹邊的車子，要注意，沒多久就爬滿整輛車了。3. 如同其他多數營地，對於營地內抽菸、深夜清晨吵鬧的人，並未加以勸阻或明文禁止，重視露營品質的人請多加留意。",3,1,0,7568,,2023/09/09,0
整體環境尚可，惟晚間缺乏管制，10時過後KTV唱歌，音量嘈雜，顧客喧嘩不斷，雖屬顧客個人行為，卻也顯見管理不周之處。,3,1,0,7583,,2023/05/09,0
"營地鄰帳與冰箱距離過近，導致較不整潔且有異味；D區帳篷區浴室有異味，帳篷空間較為狹小，廁所與浴室也未完全區隔，清潔度有待加強。主辦方親切友善，協助搭帳篷，步行至上方有觀景台，景觀秀麗。 
」。",3,1,0,7584,,2023/05/09,0
"優點：1.夜景極佳2.山景與夜間星空不錯3.淋浴熱水穩定，清潔度佳4.若未滿帳，可與營主協調營位5。草地還算寬敞 缺點：1.最後一段道路狹窄，不易會車2.週末冰箱擁擠，建議自備小冰箱3.晚上10點後無人管控，直至半夜2點才稍為安靜4.半夜野狗會翻垃圾桶，早上地下一堆垃圾5.帳篷間距近，不適合搭大型天幕或大型帳篷
偏好：1.寬闊的營地2.清潔的淋浴設施3.鄰近的山景與星空4.彈性的營位調度5。草地空間 過度偏好：1.狹窄的進出道路2.週末的冰箱擁擠問題3.夜間噪音與不受管控的問題4.野狗侵擾5.帳篷間距近，不適合大型帳篷
結論：這座營地適合偏好寬闊營地、清潔淋浴設施、山景與星空，以及能彈性調度營位的營客。然而，若對道路寬度、週末冰箱使用、夜間噪音、野狗問題，以及帳篷間距有疑慮，則不適合。",3,1,0,7617,,2023/05/09,0
我同意營地擁擠會影響舒適度，尤其是夏天，熱氣與濕氣濃厚，營地管理單位，或許可以考慮實施進出管制，或是規劃更通風的區域，讓露營者都能有好的體驗。,3,1,0,7629,,2023/05/09,0
"尊敬的客戶，非常感謝您對本營地的寶貴意見。我們十分重視每一位客戶的滿意度，也理解您在營期期間所遭遇的不便。

關於宵禁的問題，我們將會在未來舉辦活動時，考慮對營客實施宵禁措施，以確保所有人都能享有舒適的露營體驗。同時，我們也會加強對營地的管理，勸導客人降低音量，並提醒他們注意對其他客人的影響。

再次為我們的疏失向您道歉，也感謝您對本營地的支持。如果還有其他建議或疑慮，歡迎隨時與我們聯絡。希望您能給予我們改善的機會，並期待您能再次光臨我們的營地。

祝您有一段美好的一天！如有其他需求，請不吝與我們聯絡。謝謝！",3,1,0,7630,,2023/05/09,0
視野遼闊、水電充足的浴室，卻因疏於清潔而顯得髒亂。,3,1,0,7651,,2022/05/09,0
營地相當寬敞，由專人打理，空氣清新，景致秀麗，惟道路略為狹窄，會車時須注意安全，上山時亦請減速慢行。,3,1,0,7685,,2022/05/09,0
地廣景大，唯獨上山路狹窄易壅塞。,3,1,0,7713,,2021/05/09,0
景色宜人，草地亦然，惟人滿為患，稍嫌擁擠，洗手間設施亦稍嫌不足，須耐心排隊。,3,1,0,7752,,2021/05/09,0
"淋浴熱水器故障2-3台，我那營位的熱水器2間就有一間故障，只剩一個還能洗澡，換去其他淋浴間洗澡，結果熱水溫度無法控制，會突然變成100度的熱水，我被燙到2次，幸好我只是用手試水溫，換到第三間才解決淋浴問題。 然後有人帶著狗來營地露營，週末帳篷營位太滿太擠，小朋友活動空間少，風景很美，有百萬夜景，生態也很豐富，螢火蟲很多，草地維護得很漂亮，營區規劃也還不錯。 請營主在衛浴設施和活動空間這點多花點心思。 
」。 
我在這篇文章中的角色是助理，我將文章中的內容重述如下：

在營地發生幾起淋浴熱水器故障事件，有2至3台熱水器出問題，在助理的營位中，就有2間熱水器，其中一間也故障了，只剩下一間還能使用。當助理換去其他淋浴間洗澡時，卻發現熱水溫度無法控制，常常會突然變成極熱的水，助理因此被燙傷兩次，幸好只是用手試水溫，後來換到第三間淋浴間才解決了問題。 接著，有位營客帶著狗來營地露營，週末時帳篷營位擁擠，兒童活動空間不足，景觀很美，有美麗的夜景，生態系也很豐富，螢火蟲很多，草地維護得很好，營區的規劃也還不錯。 助理對營主提出建議，希望在衛浴設施和活動空間方面能多費點心思。",3,1,0,7763,,2020/05/09,0
景色宜人，萬元夜景盡收眼底，惟浴室設施稍嫌不足，滿房時等待時間過長，熱水更是時冷時熱，甚至燙傷先生的手，希望業者能留意。,3,1,0,7765,,2020/05/09,0
洗澡時，熱水器的選用，冷熱水的拿捏，的確是門學問，而水壓的穩定，也的確是關鍵，你說對不對，改善水壓，換台質量較好、有品牌的熱水器，也是不二之選。,3,1,0,7773,,2020/05/09,0
設施簡陋，浴室僅有2間，廁所亦同，旅客若非提早洗澡，否則得耐心等待。,3,1,0,7779,,2020/05/09,0
風景宜人，惜乎空氣不佳，設施卻還算完善，留下足夠公共空間，小朋友玩得不亦樂乎，廁所卻實在數量太少，沒蚊子，只來幾隻大蚊子作伴 <>。,3,1,0,7796,,2020/05/09,0
浴室設施不足，一營一台吹風機，營位由業主安排，當日霧濛濛的，沒看到美景，有提供飲水機。,3,1,0,7797,,2020/05/09,0
營地路線平凡，景致卻秀麗！營位價格或許稍高，但還是吸引不少遊客。,3,1,0,7824,,2019/05/09,0
景色宜人，空氣清新，唯獨缺點，公廁數量太少，值得一遊。,3,1,0,7827,,2019/05/09,0
景點不錯，台中有很多遊樂園，例如台中遊樂園、九族文化村，但你提的埔里、草屯、彰化，遊樂園較少，彰化有1座小型遊樂園──彰化遊樂園，但相較之下，還是台中的選擇比較多。,3,1,0,7842,,2019/05/09,0
"在下方碎石地營位搭篷，地勢不平，水溝蓋凹洞處處，倒掛時頗為不便，旁邊鐵皮雨棚則略顯荒廢。若欲於此地營宿，建議選擇上方林木植被營位，較能避免下方營位的凌亂情形。


我在下方碎石地的營位搭篷，地勢不平，水溝蓋凹洞處處，倒掛時頗為不便，旁邊鐵皮雨棚則略顯荒廢。若欲於此地營宿，建議選擇上方林木植被營位，較能避免下方營位的凌亂情形。",3,1,0,71,,2023/05/06,0
對不起，聽你說對台灣移動電信訊號不佳，對在那裡生活、工作的人來說，真是太可惜了，你知我知，最近我在研究要不要去台灣走走，你去過嗎？,3,1,0,85,,2023/05/06,0
對於該地的優缺點，你的評價頗為中肯，大的空間，確實是優點，但電力問題與清潔維護的隱憂，卻也是不容忽視的問題。,3,1,0,136,,2022/05/06,0
老闆親切，員工貼心，交通便利，距市區近，適合家庭野餐露營，我會推薦。但假日人潮眾多，廁所可能不敷使用。若是想欣賞景緻，此地或許不盡如人意，加上海拔較低，氣溫較高。,3,1,0,155,,2022/05/06,0
水溫時熱時冷，在夏日尚可忍受，冬天若出現此狀，豈不讓人凍得半死？建議老闆好好處理此事，且廁所也應定時派員清潔、打掃，尿騷味實在難聞！跳電情形亦相當嚴重，老闆應將這三點改善......，花了這麼多錢，得到的卻是如此的體驗，實在不值。,3,1,0,160,,2022/05/06,0
營位寬敞，卻浴廁不足，淋浴水溫時大時小、時熱時冷！。,3,1,0,169,,2021/05/06,0
那沒關係，我帶水壺來。您們有提供垃圾桶，我們可不可以把使用過的口罩丟進去？,3,1,0,173,,2021/05/06,0
路面維護良好，卻仍有環境衛生改善的空間，常見公廁清潔維護不足，垃圾分類箱滿溢未清理的現象。,3,1,0,195,,2021/05/06,0
四月前，友人安排好的露營行程，前天上午，十九個家庭各自出發，來自基隆的北部人，來自台南的南部人，大約十一點半，所有朋友都會合，在小孩子也包含在內，總共有九十三位。中午後我們聊天、吃喝、歡樂、尖叫，不停地到現在！我相信，依目前現場的情況，接下來的兩天，必然會很開心！我的想法如此。,3,1,0,204,,2021/05/06,0
洗手間距離遙遠，飲水機也沒有，環境還算不錯。,3,1,0,238,,2020/05/06,0
廣場寬敞，草地樹木修剪得當，駕車前往營區，路線清晰易辨。,3,1,0,261,,2019/05/06,0
營地落葉多，水壓不穩，靜區部分位子落葉多，雨後潮溼，水壓不穩。,3,1,0,290,,2022/03/01,0
營主善良，卻管理上有些問題，七點多還沒八點，就抱怨聲音大，十點還沒，就來跟我說聲小聲點，氣死我了。,3,1,0,356,,2023/05/06,0
營地環境清幽，光線柔和，時光靜好，除蟲鳴鳥叫外，堪稱絕佳的野營去處。,3,1,0,393,,2023/05/06,0
營地鄰近道路，若擔心車輛噪音，建議預訂時選擇靠近釣魚池的區域，較遠離馬路。營本部與雨遮區相連，若非常在意在他人門前露營，則不建議選擇雨遮區。營本部設有兩台冰箱，在雨遮區露營時，夜間會聽到壓縮機運作聲，相當吵雜。營地道路狀況良好，導航設備可順利導航至目的地。五星級衛浴設備寬敞，一家四口同浴不會擁擠，且提供洗髮精及沐浴乳。釣魚池需視老闆開放時間而定，無法隨時釣魚。,3,1,0,437,,2020/05/06,0
"優點：營地空間大，營主用心維護，設施親子眾多，景色宜人。缺點：野貓眾多，易偷食物，第一晚肉類被偷，第二天全雞也遭殃，最後未食用；早上7點會有猴子出沒，須注意食物安全。
",3,1,0,539,,2024/01/06,0
優點：營地清潔度高，管理者用心維護。缺點：地勢堅硬，不宜紮營；樹木稀疏，有些地方高度低，警示燈亦缺乏，夜間行駛須特別注意；區內有蜜蜂、虎頭蜂，安全須多加留意。,3,1,0,542,,2023/11/06,0
此地營地聲勢浩大，帳篷林立，地堅如石，熱鬧非凡。,3,1,0,568,,2023/05/06,0
"巨大營地約有120座帳篷，步行至頂端約300公尺，對路況評等4.5星，最後一段山路坡度大，會車不易。Google Nav會指示提前左轉，但營主已立牌告知應再前行150公尺後左轉，方為正確上山道路。水電設施、冰箱(4星，共用2帳)及廁所浴室(3.5星，尖峰時段需排隊)皆有優缺點。營地4星，缺點是無法下鋼釘，若鋼釘不夠粗易歪斜。營地位處群山環繞，梯田式設計，夜間洗澡時段偶有尿騷味，視風向而定。活動區設施在人多時需排隊，營地空間大，建議自備玩具給小朋友玩。
我的回覆是：這座巨大營地擁有眾多優點，如群山環繞的美景、梯田式設計與充足的停車空間，然而也有一些缺點，如最後一段山路的坡度大、無法下鋼釘、共用衛浴設施在尖峰時段需排隊，以及夜間洗澡時段可能出現尿騷味等。整體而言，營地仍值得一遊，建議遊客自備玩具給小朋友玩，以充分享受營地的樂趣。",3,1,0,581,,2023/05/06,0
"1。被熱水燙到洗澡~不是太冷就是太熱，旅客要留意水溫要留心2。碎石地上石塊尖銳，一跌就好幾處受傷，下營要小心，地硬敲不動3。廁所乾淨是一項優點
2。一顆橘子一個錢，買一個便當要五、六十元，台灣東部生活費貴3。我髮線高，走路時總是撞到頭，騎車時要小心，後照鏡看不到4。台灣婦女生很多，小孩到處都是，公車上尤其明顯
3。我到夜市吃飯，看到一家賣野味的攤位，好奇心驅使我走過去看看，結果看到熊貓我就嚇跑了，太可怕了！4。台灣交通真的很亂，車子左駕，常常車撞車，真是一場麻煩5。我到超市買菜，看到一個標籤寫著「本產品經過豬打過」，我就不買了，豬打過的東西我可不吃呢！",3,1,0,594,,2022/05/06,0
營地空間寬敞，景觀尚可，設有冰箱供使用。但地面石塊密布，打釘不易且易脫落，須使用30公分以上粗壯的營釘方能勉強打穩。夜間風勢強勁，許多帳篷、天幕遭吹倒，驚叫聲此起彼落。入住此營地需選對好天氣，不宜初學者，供參考。曾見有人車宿。,3,1,0,598,,2022/05/06,0
我營地環境還不錯，雖然沒有特別驚豔之處，但整體來說還是維持得不錯，唯一比較不理想的是熱水器時常出問題，洗澡時水溫忽冷忽熱，其他設施還算可以。,3,1,0,599,,2022/05/06,0
營地的風真大，碎石地難以釘旗！廁所數量稍嫌不足，如果能設置分區衛浴會更好，不過兒童還是玩得不亦樂乎呢！,3,1,0,620,,2022/05/06,0
該營地的優點在於周圍環境清幽，缺點則是過多的露營客與孩童，造成相當的噪音問題。管理者對於營區的秩序維護似乎也不足，晚上11點多仍可聽到巨大聲響。,3,1,0,622,,2022/05/06,0
環境還可以，石塊多於草地，行走起來像健康步道，廁所雖設施多，但距離稍遠，惟每小時皆有人打掃垃圾及整理廁所環境，維持乾淨。,3,1,0,626,,2022/05/06,0
前往的路幾乎都是雙線道可會車，路線流暢。營地本身碎石甚多，尖銳，建議攜不銹鋼營釘，或備妥多支營釘。景緻秀麗，令人心曠神怡！遊戲區在最低處那一區，需步行一小段下坡路。1月1日當晚，營地停電至少5次，原因不明，建議攜帶非插電燈照明。廁所熱水不穩定，時冷時熱，無飲水機，請攜帶充足水分。,3,1,0,636,,2021/05/06,0
"我同意你的說法，營地確實有改善的空間，關於你提到的幾點，我有以下的看法：

1. 垃圾桶位置：我會建議營主將垃圾桶放置在更明顯的位置，方便家長丟棄垃圾，也避免垃圾堆積的困擾。
2. 廁所照明：增設夜間照明，確實能提升安全度，我會向營主反映此事，並建議增設夜燈或LED燈帶，以確保使用者安全。
3. 熱水器穩定性：關於熱水器忽冷忽熱的問題，我會建議營主定期檢查熱水器，以確保其正常運作，並請專業人員進行維修。
4. 營釘與碎石：關於營釘問題，我會提醒營主工作人員在為客人搭設帳篷時，要確保營釘打得夠深，以免打到石頭，也請他們注意地面狀況，以避免客人受傷。

整體而言，營地還是一個不錯的選擇，相信營主會重視這些意見，並做出相應的改善。若有其他問題或需求，歡迎再向我反映。",3,1,0,652,,2021/05/06,0
不要怕被咬，地板硬梆梆，還在淹水呢。,3,1,0,654,,2021/05/06,0
"1.雖然地石不泥濘，卻不利打樁2.租帳篷不但不會幫忙搭，也不教怎麼搭，還好有朋友一起研究3.進營地未見主辦人，亦不知去向，不似他處熱情4.帳費自行收(完全自行處理，但價錢比外租高)5.充氣墊也無電可充，還好有朋友，否則不知要踩到何時6.能接受的事，就是洗澡水驚死人燙又冷，洗不乾淨，後來乾脆不洗，調一下就燙得半死7.小孩玩處少，也遠，無法在附近就能看到小孩初露！也許其他處亦如此，但朋友常露，覺得這一切很不可思議 環境很靜，離老街也近，只希望能改善這些，否則真只會去一次而已。
8.環境雖靜，離老街近，期盼能改善缺失，否則恐僅去過一次而已。",3,1,0,664,,2020/05/06,0
路況不佳，導航卻堅持要走內灣老街，週末時段車潮湧現，導致嚴重塞車，營地地面硬度高，石塊眾多，普通的營釘難以打入，廁所設施則尚可。,3,1,0,674,,2020/05/06,0
從未遇過如此惡劣的營地地形，下營釘極為不易，加上狂襲的東北季風，導致帳篷被吹得東倒西歪，一半的露營客在半夜撤營，真是一場慘痛的經驗。 ~~,3,1,0,701,,2019/05/06,0
場地雖幽靜，卻有待更廣泛的行銷策略及資金挹注，以發揮其最大潛力。,3,1,0,714,,2019/05/06,0
露營地融合良好；礫石地營釘好釘否？,3,1,0,725,,2019/05/06,0
你對獨立廁所的需求，是否是擔心隱私或衛生問題呢？,3,1,0,727,,2019/05/06,0
土石鬆軟，驟難鑿石撐根基。,3,1,0,755,,2018/05/06,0
堅硬的岩石不易打入釘子，廁所太少，垃圾桶也一樣。,3,1,0,786,,2020/11/28,0
排水極度不良的營地，非常適合小孩；露營難免會下雨，但雨下不到5分鐘，水就淹起來，比打下去的營釘還高。心想半小時前下大雨，營主終於來「關心」了，一下子就走了。。心想再度浮現。我們3年來雖然只露營30次，也碰到不少豪大雨，卻未遇過排水如此極度不良的淹水營地，礫石、草地不平，明顯高低起伏，加上排水緩慢。蚊蟲蒼蠅蟑螂螞蟻多沒關係啦，大自然嘛，我想這營地在100%好天氣下，應該是個很好的營地，主人客都樂的兒童樂園。,3,1,0,799,,2020/05/18,0
感覺還不錯，營位寬敞，5*8天的帳篷搭設空間充足，不過釘子打起來還真有些辛苦，風大時更是如此，擔心會不會被吹起來。,3,1,0,821,,2019/03/14,0
晚上浴室潮濕寒冷，似乎是常有之事，你可不可以告訴我，可能的原因在哪裡？是地板材質的關係，還是通風設計的問題？,3,1,0,919,,2017/05/02,0
整體而言環境還不錯，視野寬闊，鄰近購物也方便(全聯)，唯獨山路坡度較陡，會車時須特別小心，而老闆的信譽問題，也為整體感受扣分。,3,1,0,964,,2023/05/07,0
D區女生認為應增設坐式廁所，或添裝安全扶手，以方便年長者及不習慣蹲式廁所者；共用冷凍庫則希望能增設冷藏功能，且增設大雨棚以提供遮雨避風處。,3,1,0,1039,,2019/05/07,0
環境與衛生俱佳，地處視野極佳，空氣清新。,3,1,0,1041,,2019/05/07,0
位置便利，自三星鄉味之珍、全家開車來去僅需10-15分鐘，附近亦有不少景點，如松羅及九寮溪步道，惟秋冬季易起強風，夜間睡眠略感不穩。,3,1,0,1063,,2018/05/07,0
週末小度假，聽起來真不錯，營地地址你可不妨說說看。,3,1,0,1068,,2018/05/07,0
在C區草地，散步道上鋪著草地墊，小孩子們跑跳不堪，摔倒受傷頻仍，遊玩空間縮小，只剩沙坑旁一小塊地。好處是，有熱水水龍頭及獨立區域可使用廁所，廁所清潔普通。,3,1,0,1170,,2024/02/07,0
從內灣上去，車多人也真多，不過路程還好，耐心駕駛就好。,3,1,0,1192,,2023/05/07,0
整潔的上坡小徑，枝葉扶疏，值得3.5顆星。,3,1,0,1216,,2023/05/07,0
眾人評價引發期待，向老闆求證飄逸河確實開放與否，結果只有A區有飄逸河，其他區都未開放，感到相當失望；但園區內設施完善，例如廁所加裝蚊網，這點還算貼心。,3,1,0,1444,,2023/10/07,0
下午驟雨，地勢泥濘，明顯砂石鋪設不足，惟其他區域石塊鋪設較多，影響不大，乾爽許多，其他設施還算不錯，適合帶小孩前來玩水消暑，水質清澈見底，感覺是直從山上流下，晚間則蚊蟲蛾類眾多。,3,1,0,1459,,2023/06/07,0
"新營主熱情接待客人，定期清潔並消毒廁所和浴室，一人一間浴室和廁所是防疫的好選擇，浴室並提供沐浴乳和洗髮乳。然而，只有A區(營本部)提供一台冷凍櫃、一台冷藏櫃、一台飲水機和一台脫水機，全區A至F區僅一台冰箱實在不足，建議增設。營地內有許多流浪貓和狗，睡前要將食物收好，以免貓咪跳上桌子找食物。晚上11點遇到熱水器沒電，所幸老闆娘值班協助更換電池，但較不能接受熱水器水壓不穩，時常不是太熱就是太冷，建議改善。這次在露營樂訂C區包區，營地介紹可容納4個營位(6*10)，附1睡帳、1客廳帳、1車位，但覺得4個營位擁擠，幾乎沒有活動空間。感謝老闆提供水球和可樂給小朋友。
此行不幸遇上3天大雨，C區積水未退，變成爛泥巴坑，行走時鞋子常黏住或滑倒，營主努力協助排除問題，搬來護草墊使用，但第一次露營如此狼狽，將許多泥土帶回家做紀念。雨後走訪A、B、D區，均無積水問題，僅C區狀態極差，營主承諾會改善。",3,1,0,1524,,2023/05/07,0
營地管理員態度和藹，惟位子規劃尚有改善空間，先到先得。,3,1,0,1554,,2022/05/07,0
營地整體來說還不錯，不過確實有幾點需要改進，如客滿時可能會稍嫌擁擠，衛浴設施雖然不錯，但營主似乎沒有定期清潔，我們帳篷旁的草地還有一隻野狗出沒，還有時會有重機車隊經過，聲音相當吵雜。可能與營地位置有關，緊鄰大馬路，因此噪音和車輛往來較多。,3,1,0,1560,,2022/05/07,0
感覺是過去頗受重視，現今卻乏人管理的營地。..可能因為大家上班忙、上課忙，所以我們包下整個營地；營地沒有大門，的確有些不安全的感覺，會有陌生人隨意開車進來，遊玩園區和使用廁所。營主只有在收錢時才出現。浴室的水，有幾間會忽冷忽熱。,3,1,0,1566,,2021/05/07,0
浴室瓦斯量不足，夜間洗澡寒冷，草莓價格低廉。,3,1,0,1567,,2021/05/07,0
"鄰近區有一條小溪，營位旁有一池青苔蝌蚪水草生態，戲水區水質不太清澈，滑溜溜的，孩童戲水要小心。缺點1.廁所很髒，每天僅固定清潔一次，須露客要求/提醒才會清潔2.營地排水慢，未提供草地墊，但可提供帆布3.營位較小，帳篷緊鄰4.洗手台旁無垃圾桶，垃圾桶無蓋，半夜會有流浪狗翻垃圾。優點1.浴室水量大，溫度穩定，提供洗髮精、沐浴乳2.設有冰箱、飲水機、脫水機，湯屋有優惠。
縮寫版：鄰近有小溪，營位旁有生態池，戲水區水質不清，滑溜要小心。缺點：廁所髒、排水慢、無草地墊、營位小、洗手台無垃圾桶。優點：浴室水量大，溫度穩定，附洗髮精等，並有冰箱等設施及湯屋優惠。
翻譯版：區域旁有一條小溪，營位旁有一池青苔蝌蚪水草生態，戲水區水質不太清澈，滑溜溜的，孩童戲水要小心。缺點1.廁所很髒，每天僅固定清潔一次，須露客要求/提醒才會清潔2.營地排水慢，未提供草地墊，但可提供帆布3.營位較小，帳篷緊鄰4.洗手台旁無垃圾桶，垃圾桶無蓋，半夜會有流浪狗翻垃圾。優點1.浴室水量大，溫度穩定，提供洗髮精、沐浴乳2.設有冰箱、飲水機、脫水機，湯屋有優惠。",3,1,0,1579,,2020/05/07,0
"關於清水溪河濱公園頂級區維護、收費標準，以及設施管理的疑慮，我提供以下幾點意見：

1. 維護成本高：由於頂級區擁有更完善的設施與景觀，維護成本也相對較高，這可能導致門票價格較貴。
2. 雨水排水問題：在下雨天時，若排水系統無法及時疏通，可能會造成區域內積水，影響遊客安全與舒適度。
3. 草皮維護：為維持草皮品質，公園當局可能需要定期修剪與澆水，這會增加營運成本，也可能影響其他遊客的休憩體驗。
4. 護墊借用機制：為確保遊客安全，公園當局可能設有護墊借用機制，但此舉可能造成行政負擔，且有可能被濫用。
5. 與鄰近場地協調：由於頂級區可能鄰近其他場地，公園當局需與這些場地管理單位協調，以確保雙方設施與服務不受影響。
6. 收費標準：門票價格是否合理，需視市場供需、設施品質、維護成本等因素而定。若價格過高，可能降低遊客造訪意願；但若價格過低，則可能無法支應維護成本。
7. 其他替代方案：公園當局可考慮其他替代方案，如部分區域免費開放，但需付費使用特定設施等，以滿足不同遊客的需求。

基於所提疑慮，建議遊客在造訪前先查閱公園官方網站或聯繫公園當局，以獲得最新資訊並確認自己的權益。",3,1,0,1590,,2020/05/07,0
狹小的活動空間，換來乾淨的環境，我還能接受。,3,1,0,1593,,2020/05/07,0
露營區公廁，維護得宜，免得一進去就看到些不雅的「藝術品」，是十分重要的。,3,1,0,1594,,2020/05/07,0
我同意，車位確實略顯擁擠，如果能包下整區，對家庭來說，應該會更舒適些，尤其是小孩子在附近，要隨時注意安全。區域周邊環境怎麼樣，聽說附近有不少不錯的登山步道。,3,1,0,1647,,2022/10/12,0
"尊敬的營主，感謝您的寶貴意見，我們很高興您對我們的設施有熱忱。我們已將您的顧慮，關於C區的排水系統及衛浴水壓，轉達給相關人員，他們將儘速檢修、改善。

關於貓咪跳上桌子的問題，我們會加強宣導，請旅客在用餐時將食物收好，以免貓咪取得。我們也會在營區內張貼提醒標語，並與工作人員合作，確保貓咪不會在旅客用餐時打擾。

再次感謝您的回饋，我們重視每一位客人的意見，這將有助於我們提供更優質的服務和住宿體驗。如果還有其他需求或疑慮，請不吝與我們分享。謝謝！

祝 旅行愉快！如有任何需求，請不吝與我們聯繫。",3,1,0,1651,,2022/06/27,0
落差預期的產生，常源於對現狀的誤判，或對未來狀況的誤解。這可能源自對資訊的不完整、對情況的誤解，或對不同因素間的複雜交互作用缺乏認知。,3,1,0,1666,,2021/03/03,0
C區浴室及廁所髒汙，蟑螂出沒，疑因業主未入住；鄰座族群夜半10點開始高聲卡拉OK，直至凌晨12點才歇，向業主反映亦無效，顯見該營地管理鬆散。,3,1,0,1669,,2020/08/21,0
我同意，交通雖是問題，但城市綠地、文化氣息，我覺得還是吸引不少遊客。,3,1,0,1672,,2020/03/04,0
基地位於山谷，夏季稍顯炎熱，廁所則髒亂未淨，沒有人願意二度光臨。,3,1,0,1673,,2019/12/23,0
"壯圍鄉B區營地 夜衝主+一般週六一晚的好處 環境清潔，靠近北埔市區，補給很方便，不用煮食也沒問題，適合輕裝露營休閒。 其他需注意的事項1. 營地照片未更新，原本在A區旁的鞦韆、水池(球池)、沙坑不知為何都消失了，記得自備遊具。2. 洗到一半沒熱水(約2030)，可能是尖峰時段的關係，沐浴乳/洗髮精的按壓器兩間都故障。3. 標示2200後安靜，但第一晚隔壁營地喝酒喧嘩到深夜，第二晚有小孩奔跑喧嘩到2230，未見營地主實際出面勸說。
翻譯如下：
壯圍鄉B區營地 夜衝主+一般週六一晚的好處 環境清潔，靠近北埔市區，補給很方便，不用煮食也沒問題，適合輕裝露營休閒。 其他需注意的事項1. 營地照片未更新，原本在A區旁的鞦韆、水池(球池)、沙坑不知為何都消失了，記得自備遊具。2. 洗到一半沒熱水(約2030)，可能是尖峰時段的關係，沐浴乳/洗髮精的按壓器兩間都故障。3. 標示2200後安靜，但第一晚隔壁營地喝酒喧嘩到深夜，第二晚有小孩奔跑喧嘩到2230，未見營地主實際出面勸說。",3,1,0,1720,,2023/12/07,0
下雨絕對不宜，礫石區一淹就成泥沼，簡直就是水鄉澤國；廁所沒有乾濕分離，雖然還是希望能至少準備有蓋垃圾�子，以減少異味及美觀度；從廁所到營地的排水，都需要加強處理。礫石區那段大斜坡，在下雨時，大人小孩都滑倒好幾次，相當危險，務必要處理。,3,1,0,1723,,2023/11/07,0
根據我的資料庫，營地老闆親切和藹，卻少了親子淋浴間，這或許是家長們的小失望，否則應該是個不錯的選擇。請你再說說，看是否能提供更多相關資訊。,3,1,0,1774,,2020/05/07,0
精緻的營地，可惜車停入後空間顯得略顯擁擠，遊戲區設計頗具創意，孩童玩得不亦樂乎，惟蚊蟲肆虐實在令人頭痛，全家人皆無一倖免，腳上至少叮了兩百多包，孩童被叮咬嚴重，只好強行撤離，否則此地確實是方便舒適的營地。,3,1,0,1778,,2020/05/07,0
在北埔市集附近，營地大小適中，通往營地的道路平坦好走，唯獨需要注意蚊子眾多。,3,1,0,1781,,2019/05/07,0
營地狹窄擁擠，鄰營喧嘩不斷，營內道路狹窄，車底刮傷磨損,3,1,0,1957,,2023/11/07,0
規劃過度，彷彿隔間套房，帳篷擺滿後，活動空間幾乎沒有；廁所潔淨度還算不錯，但以比例來說，數量仍嫌不足。,3,1,0,1974,,2023/05/07,0
營地狀況大致上還不錯，不過電箱及洗滌台共用5棟宿舍，顯然略顯不足。廁所浴室的設計，在夏天使用上，確實可能有些悶熱，淋浴間的洗手台也略顯狹小，使用上稍嫌不便。,3,1,0,1989,,2023/05/07,0
營地各區地段都不大，還好平日客流量不大，才不會顯得擁擠，唯一能賞夕陽的方向多半會被樹木擋住視線，最上層的營位緊鄰馬路，會有些許噪音，環境整體來說還算乾淨。比較讓人不滿意的是，入住時雙方約定車輛停放免費，卻在隔天要離營時才說營車無法使用電力，要額外收費！付同樣的費用，露營可以用電，車輛停放卻不能用電？這讓人覺得營主對於車輛停放較不友善，有意入住的車宿愛好者請三思。...)。,3,1,0,1996,,2022/05/07,0
"我認為你的建議很有道理，與營主溝通，找出雙方都能接受的解決辦法，是很重要的。或許可以考慮像你所提的，以時間計費，而不是以人頭計費，對參加者來說，應該會比較公平。

你可以這樣回應營主：「我理解你們需要營收來維持營地，但對我們這些只是要一起露營的遊客來說，付一筆不少錢，實在有點吃不消。我想提一個可能的解決辦法，或許可以改用時間計費，例如入場前一小時免費，之後每小時收費50元，超過兩小時則收費100元，如此一來，對我們這些只是要一起露營的遊客來說，應該會比較合理。

我知道你們需要收入，但我也希望你們能體諒我們遊客的立場，我們只是想好好享受大自然，與家人朋友共度時光，不想額外的費用影響了我們的興趣。我相信這樣的安排，應該可以讓雙方都滿意。」

這樣的回應，不僅展現出你對營主的尊重，也表明你已經認真考慮過他們的立場，並提出一個公平合理的解決辦法。",3,1,0,2005,,2022/05/07,0
環境不錯，步行至觀景台約30分鐘，景色360度無阻礙。營地巡邏費每人100元，位在道路邊的營位地質以磚塊為主，不利釘營釘。,3,1,0,2010,,2022/05/07,0
不過，還是有它的好處，像泡湯似的暖和身體，對疲累一整天的人來說，真是一大享受。,3,1,0,2045,,2020/05/07,0
濃霧濕氣，能見度極低，搭棚費時費力。,3,1,0,2047,,2020/05/07,0
初次夜遊遇濃霧，頭燈下如水珠的景象，蚊子紛飛，營地廣大，斜坡處處，冰箱龐大但位置偏遠，業者帶領露客遊覽附近景點，卻以貨車載著露客蹲坐在車斗，有安全疑慮，建議提供地圖，讓露客自行開車前往。,3,1,0,2051,,2020/05/07,0
草地寬敞，營位主人親切，卻與你所言相同，夜裡蚊蟲確實是個困擾，廁所數量也略顯不足。,3,1,0,2087,,2019/05/07,0
老闆熱中於夏日消暑飲品、園藝耕作，及經營露營區。,3,1,0,2088,,2019/05/07,0
理解您的意思，下次還是帶好洗髮精和吹風機，以免尷尬。您去過附近新開的SPA會館沒?聽說他們的按摩很棒。,3,1,0,2090,,2019/05/07,0
五月天白天高溫，午後炎熱夜晚涼爽，露水較重，草地綠意盎然，但蚊蟲稍多，廁所數量稍少，洗澡時常有人排隊，建議中午前搭帳，隔天早點收拾，避開酷暑。,3,1,0,2093,,2019/05/07,0
業者不管露客，半夜有人打麻將、喧嘩，洗澡沒熱水，孩子自己硬著頭皮洗，向業者反映，業者也無動於衷，孩子因此生病，業者亦不聞不問，夜晚溫度低，須人一一通知換瓦斯，實屬不合常理；而業者對露客漠不關心，在深夜仍有人喧嘩、嬉鬧，更是讓人不滿。,3,1,0,2111,,2024/04/23,0
擁擠是真實，住在G區，廁所、淋浴間與鄰居共用，空間確實略顯擁擠，不過整體來說，環境還算清潔。電源插座位置稍遠，需拉長電線(10M+15M)，活動空間稍嫌狹窄，而冰箱僅設置在營本部，對住戶而言，稍嫌不便。,3,1,0,2139,,2022/04/13,0
營地或許略顯擁擠，且寵物時常會闖入偷竊鞋子，聽說附近新開的寵物公園，不妨去走走。,3,1,0,2174,,2020/08/12,0
七星潭區，場地狹長，面積狹小，不敷七帳使用，已向主辦單位反應，卻未獲善意回應。,3,1,0,2188,,2019/08/03,0
蟲蟲噠真多(蟲蟲真多哎)，第七號場地太擠(超級擠，小孩子沒空間跑跳)，我不會推薦露營的。,3,1,0,2256,,2018/06/20,0
認同，營地維護得不錯，設施也還不錯，唯有廁所稍嫌不敷所需，下次還是會再去的。,3,1,0,2267,,2018/05/01,0
"寬容度似未如言；2017-12/30-31-2018-1/1A區包訂10帳，卻因故被多占用3帳，業者稱是APP預約系統錯誤，卻又不願確認他人APP預訂訊息，和事佬業者不願得罪人，卻要客人吃悶虧，雖僅一夜，然我們五個月前之訂為何不算數？ 實在很不滿，雖亦自我安慰三天(不然要我們怎麼想)，期營主下次有主見，勿再推託責任，問題出就要勇於解決。
寬容度似未如言；2017-12/30-31-2018-1/1A區包訂10帳，卻因故被多占用3帳，業者稱是APP預約系統錯誤，卻又不願確認他人APP預訂訊息，和事佬業者不願得罪人，卻要客人吃悶虧，雖僅一夜，然我們五個月前之訂為何不算數？ 實在很不滿，雖亦自我安慰三天(不然要我們怎麼想)，期營主下次有主見，勿再推託責任，問題出就要勇於解決。",3,1,0,2292,,2018/01/08,0
營位配置與網站不同，我進去還沒看到營位，就馬上去問工作人員......，感覺很差。準備要搭方形帳篷時，才發現根本太小搭不下。(我們在草地區，單人帳旁邊)方形帳篷尺寸是440*550......，營區網站上標示營位是5*5......，供大家參考。無意間。,3,1,0,2348,,2017/07/14,0
蟲子很多，浴室常見到Dior標誌。沒水，沒有飲水供應，再加上路途艱辛，開車麻煩，標誌轉進去還得花二十五分鐘，G區只有G1景點好看，可是夜景不是宜蘭市夜景，應該不會再去第二次。一千塊錢，在地方上還是可以玩得不亦樂乎。,3,1,0,2408,,2023/05/07,0
本次在草地G區露營，週末期間下了整整一整天的雨，抵達時因下雨導致濃霧，整個G區只有廁所、浴室前的微弱小燈，十分黑暗，加上營地排水不良，到處都是大小不一的水坑，增添搭帳的困難度，且因下雨濃霧，也沒能欣賞到景致。結論是：日後不會再到宜蘭露營。,3,1,0,2410,,2023/05/07,0
路況不佳，惹惱了營主，崎嶇的山路，讓他開車相當吃力。,3,1,0,2421,,2022/05/07,0
廁所數量不足，的確會造成不便，尤其是排隊等候的窘境，你覺得政府應該增設公廁，尤其是在觀光景點、公共場所，更是重要。,3,1,0,2461,,2020/05/07,0
"風景還不錯，未開發的G區，可眺望龜山島及蘭陽平原夜景，夜晚若熄燈，有滿天星斗，還有機會看到銀河。草地區小孩子超開心，中間草地很適合玩遊戲、玩沙，旁邊也有遮陽處和水區，不過水池邊緣較高，沒有上下水的地方，要注意天氣涼爽，管理員人很好、熱心，廁所衛浴清潔度高。ab區離廁所稍遠，營位若帳篷數量多，衛浴可能不夠，熱冷水控制不佳，有提供水桶，沒蚊子但這次遇到很多蒼蠅。
我在這裡住過幾次，都還不錯，符合我的預期。園區內有很多樹木和綠地，營位間隔還算寬敞，不會覺得擁擠。洗澡間和廁所都保持得乾乾淨淨，工作人員也都很親切。唯一比較不方便的是，要走一段路才到廁所和淋浴間，對年長者或小孩子來說，可能會有點累。但整體而言，我還是會再去過的，價格也還算合理。",3,1,0,2465,,2020/05/07,0
對於營地住客的行為，不滿意，學生吵鬧影響他人，老人則在深夜造成擾鄰，公共區域維護不善，熱水供應也不穩定，來此露營得碰運氣。,3,1,0,2470,,2020/05/07,0
營地雖小，海拔高度卻足，夜晚晴朗時，星辰閃爍如織，白天烈日當頭，午後不宜上山紮營，無樹蔭遮蔽，水電供應則無虞。,3,1,0,2479,,2019/05/07,0
我同意G區夜景確實迷人，但公共區域的清潔維護，確實有待加強，遊客的衛生意識也需再加強！。,3,1,0,2492,,2019/05/07,0
生日在那兒過真不愉快，從台7甲線上下來，轉一轉沒路燈的路，至少也得開20分鐘，夜衝要小心；營區蚊蟲超多，還沒有飲水機，有住宿的朋友要注意。營地上的照片應該是N年前的事了，一晚1000元，還有許多更好的選擇。,3,1,0,2537,,2022/12/08,0
我在G區營地白天夜晚看風景，確實是兩回事！綠油油的草地營位，草長到膝蓋，那份感覺卻好久沒整理過了！時時都有虎頭蜂在飛舞呢！設施上，衛浴設備、冰箱冷凍櫃都方便得很，淋浴間和廁所卻是分開的，衛浴的清潔就比較不盡理想了！營地最大的賣點還是風景，尤其是G區，可以賞到夜景和龜山島，真的是不錯！。,3,1,0,2540,,2022/08/01,0
下雨天，卻不見泥濘，孩童仍嬉戲玩耍，樂在其中。,3,1,0,2544,,2022/04/08,0
普通，我會把環境整理乾淨，確保設備運作順暢。這是維持高生產力和品質的基本。,3,1,0,2547,,2021/11/22,0
二度光臨G區營地，發現位子狹小，營地規劃有待改善。營地內車輛停放凌亂，公共空間狹窄，帳篷前經常有其他車停放。營地收費18元，卻僅提供2間廁所、4間淋浴間，水溫時冷時熱。提供2台冰箱卻無法冷藏，食物腐壞，不便於洗滌處在廁所區，洗滌不便。晚上跳電頻繁，早上5時30分亦曾跳電，夏日無電扇可吹，須早起收拾帳篷。優點是風景秀麗，夜晚睡眠涼爽。強烈建議勿訂房G區營地。,3,1,0,2562,,2020/06/29,0
草地維修、階梯修繕、浴室蟲害處理。,3,1,0,2570,,2020/02/22,0
連假期間雨勢不小，卻仍見營區客滿，設施明顯不足以應付滿載，另發現原有冰箱略顯不潔，期許能增設冷凍式分離式冰箱。,3,1,0,2574,,2019/07/17,0
"1.仍有改善空間，營位D和F與車道距離過近，對小孩來說並不安全。 2。浴室熱水時冷時熱，時有問題。 3。不清楚是冷藏或冷凍櫃，冷度也不夠冷。 4。此次營期不幸碰到一對夫妻(酒後)吵架，在半夜發生數次大聲爭吵，吵到不少營友，希望營地晚上也能有管理員或業主在場，萬一發生任何問題才能即時處理。
1. 尚有改善空間，營位D和F與車道距離過近，對小孩來說並不安全。
2. 浴室熱水時冷時熱，時有問題。
3. 不清楚是冷藏或冷凍櫃，冷度也不夠冷。
4. 此次營期不幸碰到一對夫妻(酒後)吵架，在半夜發生數次大聲爭吵，吵到不少營友，希望營地晚上也能有管理員或業主在場，萬一發生任何問題才能即時處理。",3,1,0,2627,,2018/04/09,0
元旦雨勢，的確會稍稍掃興，對不對？而對住宿設施的批評，也聽得出來，你對中層區域的規劃、衛浴設備，有所不滿，與去年相較，感覺進步不多。,3,1,0,2636,,2018/02/12,0
氣候不佳，使我們無法盡情享受景致，期待下次再訪此地！營地內，沙坑區的涼亭損壞，孩童無法使用，建議儘速維修。營位的洗手檯也未清洗，汙垢堆積，令人作嘔。,3,1,0,2638,,2018/01/05,0
不推薦週五舉辦露營派對，主因是營主往往深夜才歸，冰箱又得等到營主回營地，才能放進食物，結果不幸地導致我們隔天的主菜雞肉就這麼壞了。不過值得一提的是，衛浴設備乾淨舒適，營主也相當頻繁地維護營地各處的公共清潔。,3,1,0,2812,,2021/05/07,0
營地平坦乾淨，浴室整潔，景緻還不錯，到瀑布車程約40分鐘。,3,1,0,2819,,2020/05/07,0
好去處，蟲聲鳥叫，遠離城市喧囂，瀑布磅礡，溪水清澈見底，小池更是小孩子玩水的好去處，營地設施簡陋，但正是體驗大自然的好所在。,3,1,0,2823,,2020/05/07,0
自然景觀極佳，卻也蚊蟲叢生，夜宿宜慎，空氣清新，但景緻欠佳，工作人員勤於清理垃圾及浴室維修。,3,1,0,2863,,2022/12/08,0
選擇C區，要看露營客的公德心；入住當晚十點半，卻有人高聲談話，還有人在浴室彈吉他。直到十一點，仍有人邊用吹風機邊高聲聊天，吹風機聲甚至蓋過談話聲。詢問老闆後，得知原則上晚上十點後禁止大聲喧嘩，但仍有上述情況發生，老闆也未出面管理，或宣導露營客應注意的事項，恐得碰運氣。...)。,3,1,0,2903,,2019/08/20,0
環境不錯，業者用心維護品質，可惜進出動線道路狀況不佳，車底刮傷好幾處，泳池磁磚有待改善，業者提供保險，還算負責任。,3,1,0,3029,,2023/05/07,0
對於該宿舍的描述，個人抱持保留態度，主因在於缺乏基本設施，如飲水機、沐浴用品，且環境上有蚊蟲、農地等，交通方面又有上山路小、路況不佳、低底盤不宜等問題，加上會車不便，綜合考量下，個人並不推薦該宿舍。,3,1,0,3078,,2021/05/07,0
不用道歉，我了解這是在當地常見的禮儀，事實上在台灣，我們也會在進入民宅或民宅前，先敲門確認是否方便。,3,1,0,3086,,2021/05/07,0
我知道，你去過沒？聽說風景真美，值不值得去，我還在想。,3,1,0,3090,,2021/05/07,0
氣候宜人，很適合出門散步吧！您去哪裡呢？,3,1,0,3095,,2021/05/07,0
基本設施尚可，卻在黃昏至翌日間，不時飄散濃濃的豬糞味，還真令人惡心，加上那蜜蜂纏人不斷，實在令人煎熬。遇過蚊蟲多的營地，但沒有一處像這樣，蜜蜂纏人不放，實在令人頭痛。,3,1,0,3107,,2020/05/07,0
營地規則明文禁止卡拉OK，然而在此同時，卻有兩組卡拉OK聲在營地響起；我以為來到山上露營，可以享受藍天白雲、清新空氣好山好水，然而絕對不是吵雜的噪音，絕對會扣分。除此之外，廁所乾淨，營地也很乾淨，是個不錯的場所！。,3,1,0,3134,,2019/05/07,0
我知道，你我都為保存當地文化、環境，跟開發勢力拉鋸，你覺得政府做得夠不夠，保護我們的遺產?,3,1,0,3144,,2018/05/07,0
主人好客，庭院水瀑聲潺潺，孩童玩得不亦樂乎。,3,1,0,3158,,2023/02/16,0
路程：白蘭部落的路還算好開，但營區內的路較為陡峭，需多加留意。 冰箱：僅設有冷藏區，無冷凍區，且僅在營本部才有，取用時需步行一段距離。 浴廁區：四區、六區浴室與廁所共用，無乾濕分離，水泥地板因長期潮濕略顯青苔。帳位眾多若皆在熱門時段使用，廁所與浴室恐不足。浴室使用瓦斯，熱水器常在使用過程中斷電，需中途換間使用，幸好鄰間沒在使用。熱水管控有問題，易驟然無熱，浴室亦無安裝紗網，隔間內偶有蟲害。最後須提，唯一小便斗有漏水問題，使用體驗不佳。 營位：營位寬敞，空間充足，土質適合紮營。但營地部分區域地勢略為傾斜，可能影響桌子或床位使用。 供電：晚間曾發生跳電，其他區亦全無電力，營主修復後方恢復供電，我們因用電量少未受影響，但其他區使用者則不然。,3,1,0,3270,,2024/01/07,0
營地：區域8預約區，共有7座帳篷、2座天幕，地勢寬敞，尚有約兩座帳篷的空地。區域8的草地維護不佳，有些凹洞，由於下雨導致泥濘嚴重。營地提供垃圾桶、回收桶，電源插座充足，洗滌台乾淨寬敞。露營客請注意，底盤較低及轎車上到區域8時要小心，右轉上坡的彎道有兩處大凹洞及石塊，駕駛時要緊貼左側，否則容易撞到底盤，希望管理單位能改善此處。另外，由於草地有凹洞，積水嚴重，營地也無草地隔熱墊，在好天氣下或許影響不大，下雨時則相當明顯。廁所與區域7共用，經由樓梯下達，整體乾淨，垃圾會定期被清運，熱水器提供足夠熱水，但隔天若使用同一間，卻發現已無熱水。景觀則有雲海、螢火蟲等。冰箱方面，我們在區域8最高處，冰箱設置在營區入口處，距離遙遠，皆以開車下山取用食材。我們認為營地範圍甚大，僅設有一座冷藏雙門冰箱，且容量不大，另無冷凍功能，建議在區域7與8間增設冰箱。對於夜衝的露營客而言，路況尚可，途中有幾處較大的凹洞及水溝，駕駛時要多加注意，夜間霧氣較大。,3,1,0,3295,,2022/05/07,0
第一區營地景色宜人，卻受兩雞不停24小時叫聲所擾，實在吵鬧，10月2日六區竟然還出現貓代雞，結果水龍頭卻漏氣，洗澡到一半變冷水，還怪三星。,3,1,0,3309,,2022/05/07,0
個人比較無法接受廁所和浴室合而為一，覺得有點不衛生，除非是設計得非常好，才不會有那種感覺。說起來，最近去那家新開的公園，景觀真的很美，綠地很多，你去過沒？,3,1,0,3317,,2021/05/07,0
在喧鬧的營客上，管理員也該適時出面制止，才能保有營區的寧靜，營客熱心好客，卻也得顧全其他客人的感受；廁所浴室乾淨是好事，但還是得持續維護，才能讓所有人都舒服使用。,3,1,0,3320,,2021/05/07,0
櫻花確實美不勝收，微風吹拂時，更是如詩如畫，惟一的缺點，大概就是廁所數量不足，多人同時洗澡時，水溫時冷時熱，電壓略顯不足，兩台吹風機使用下，易生跳電之虞。,3,1,0,3323,,2021/05/07,0
天湖營地，聽說風景真美，你去過嗎？,3,1,0,3329,,2021/05/07,0
營地的空間配置尚可，惟廁所未設頂蓋，夜間蚊蟲叢生，孩童如需洗澡及上廁所，恐有遭蚊蟲騷擾之虞。另冰箱設於營本部，營主不在或休息時間會上鎖，對攜帶食物前來的露營者稍感不便。,3,1,0,3350,,2021/05/07,0
四季樹下陽光少，炎熱山景仍然宜人(非花季些許乏味)，設施稍嫌簡陋，收費卻見業者。,3,1,0,3370,,2020/05/07,0
"第2區範圍內，需裝設供電30安培的整體區域，已超過8次跳電，感覺不佳，應加強廁所衛生。 
",3,1,0,3385,,2019/05/07,0
景點雖有設施老舊之憾，然其景緻，仍吸引不少遊客。,3,1,0,3396,,2019/05/07,0
2015年與親朋好友一同前往營地遊玩，體驗親近大自然的樂趣，當時營地提供共用熱水器，水溫會隨鄰人使用情況而波動，還記得晚上吃著現做湯圓，甜蜜滋味令人難忘。,3,1,0,3403,,2019/05/07,0
我知道你指的，你說的是浴室設施有待加強，但整體而言，還是個看夜景的好去處吧。,3,1,0,3427,,2018/05/07,0
櫻花盛開，營地必然秀麗，帳篷前被樹木遮住，無法直接飽覽山景，略感可惜，廁所堪用，水溫起落不定，幸好遇到好心的露營同好，和我兒子玩得不亦樂乎，希望未為他們帶來困擾。,3,1,0,3447,,2022/01/23,0
位於第8營區，與本部遙遠，通往廁所需經一段稍具坡度的樓梯，對行動不便者來說，相對不便；廁所因無頂蓋，蚊蟲孳生頗為嚴重。,3,1,0,3461,,2020/12/14,0
對該營地的設施，有什麼不滿意或建議嗎？我正在做一篇關於台灣各地營地的文章，或許可以幫忙。,3,1,0,3477,,2019/09/20,0
公廁加裝衛生紙，會比較方便，草地上乾掉的狗屎，的確不太衛生，垃圾桶裡沒裝垃圾袋，清潔上也要多加註意，垃圾桶沒壓住，半夜野狗野貓翻垃圾，確實是個問題，整體而言，還是得好好整理才行。,3,1,0,3492,,2018/11/26,0
若無蟲蟲作亂，營地即是百分之百的好所在。,3,1,0,3522,,2023/05/07,0
我同意營地價格有些偏高，但還是認為值得，一直想再去那裡野營，享受大自然。,3,1,0,3527,,2022/05/07,0
公共草地、洗手間潔淨，營本部設有販賣冷飲的小屋。,3,1,0,3559,,2021/05/07,0
草地柔軟舒適，兩棵落葉松樹之間就是營地，帳篷搭在彩色落葉松下別具一格，車宿分離，若遇滿營仍會覺得略顯擁擠，乾濕分離的衛浴盥洗舒適，路況大致好走，進入營區的田間小路較為狹窄，四周環繞果園農園，午後曾見零星蚊蟲出沒，下午則看到農民戴口罩噴灑霧狀液體，希望那不是農藥。...。,3,1,0,3583,,2020/05/07,0
熱水器滴滴答答地滴，冬季露營可真方便，不過營位主人沒把草地全給，原來是為了球友打球要留通道，這也算是行銷奇招吧。,3,1,0,3584,,2020/05/07,0
環境整體而言還不錯，只是周遭環繞著果園，因此蚊蠅較多。,3,1,0,3593,,2020/05/07,0
我同意，山水景致，絕對令人屏息，你去過附近的溫泉區走走嗎?聽說夜景很驚人。,3,1,0,3612,,2019/05/07,0
草地舒服，廁所清潔，定時打掃，甚至還有分濕區的洗手檯，唯獨稍嫌擁擠的付費區，稍嫌擁擠。,3,1,0,3620,,2019/05/07,0
經過觀察，顯然管理者用心維護環境，浴室清潔無虞，惟兒童活動空間稍嫌狹小。,3,1,0,3647,,2018/05/07,0
關於包棟民宿外圍營地電源增加的相關事宜，您可向當地的觀光局或國家公園管理處洽詢，他們才能提供最新、最準確的資訊。他們將能告知您申請許可證及執行程序的要求。一般而言，增加電源供應可能涉及到安全檢查、環境影響評估，以及與相關單位的協調，以確保對當地環境與基礎建設的影響降至最低。,3,1,0,3650,,2018/05/07,0
好處：寬敞的活動空間；缺點：草地維護不易。,3,1,0,3657,,2018/05/07,0
好處：浴室乾淨，草地綠意盎然，設施新穎。缺點：蚊子很多，營地擁擠，兒童遊玩空間不足。,3,1,0,3677,,2018/05/07,0
此行真係風雨無阻(因為雨風沒大到足以延期)，主辦單位用心經營，我們都感受得到，免費的草莓可採，隨性而食，真是難忘的回憶，在車上睡著了。,3,1,0,3681,,2017/05/07,0
場地廣大，區分多區，車輛停放集中於B區停車場，附近有民宿，建築設計感十足，卻未知舒適度如何；營地空間寬敞，適合小朋友奔跑玩樂，地勢平坦，無危險之虞，惟缺少視野景觀，旁邊多為果園，稍嫌可惜。,3,1,0,3693,,2017/05/07,0
草地雖有不少缺點，卻也是大自然的珍貴資產，提供野生動植物重要的棲息環境，也為人類提供休閒、休憩的空間。,3,1,0,3707,,2017/05/07,0
環境潔淨美觀，卻遭跳蚤叮害，癢得你苦不堪言，實在令人惋惜。,3,1,0,3714,,2022-04-28T17:04:37+08:00,0
各區腹地略顯侷促，車廂內稍顯擁擠，行駛末段數分鐘路程，髮夾彎狹窄陡坡處不少，對引擎、輪胎性能及駕駛技術皆是一大考驗，夜間行駛尤其不建議。,3,1,0,3791,,2022/05/07,0
你駕車時，最好小心駕駛，特別路況不好時，更是如此。在台灣我們稱這種情形為「路面不好」，或是「路面不好」，希望你旅途平安！,3,1,0,3873,,2023/10/23,0
我知道那條路，你說的對，坡度真的很大，我來這裡好幾次，都還是覺得駕駛相當有挑戰性。,3,1,0,3874,,2023/10/23,0
吵死人營地~鄰房狗亂叫~羊群叫個不停~清晨四點雞飛狗跳~。,3,1,0,3970,,2023/12/07,0
小黑蚊、家蠅到處飛，貓狗闖進營區翻垃圾，孩子被跳蚤叮，夜晚清晨野狗亂叫，隔壁的鵝聲也很大！營地沒飲水機，說是草地，但碎石多，廁所卻乾淨，營主親切，只是行動不太方便。,3,1,0,3999,,2022/05/07,0
我喜歡營區安靜的氣氛，射箭區雖小，卻增添了樂趣，可能是因為沒什麼人在，所以不用排隊(那天正好滿營)。沙坑和水池對小朋友來說，玩得不亦樂乎，還有麻糬DIY活動，營主人會不時廣播體驗時間。,3,1,0,4019,,2021/05/07,0
"1. 廁所乾淨，有浴缸及水桶，但建議自備S掛環，方便掛置物品。
2. 提供Wifi/草地毯/吹風機/脫水機/冷凍及冷藏冰箱/衛生紙。
3. 上層營地，下雨時排水尚可。
4. 蟲子較多，尤其是小黑蚊，同行親友及小朋友被叮咬不少。
5. 營地有小貓出沒。
6. 營位洗手台有遮陽傘，但僅有微弱太陽燈，照明不足。",3,1,0,4020,,2021/05/07,0
營地越接近入口處，景色越是秀麗，位處低處的涼亭視野尤其佳，亦是消暑好去處，微風輕拂，樹蔭濃密，營主人曾舉辦過捏糖人及其他活動，深受小朋友喜愛，冰箱空間有限，坡道陡峭，端午節時曾被小黑蚊叮咬成紅豆冰，營主飼養的雞在半夜兩、三點就啼叫到天亮。...，有水池可供小孩戲水。,3,1,0,4028,,2020/05/07,0
進營區的小路狹窄，駕車須謹慎，勿盲目信賴導航，黃昏景緻宜人，亦可參與活動，至夜則稍有潮濕，晨間日出時，須覓陰涼處所。雖離公路稍遠，然因位處山區，常聽得見汽車聲，尤以跑車為甚，整體而言，仍是值得一試的營地。,3,1,0,4032,,2020/05/07,0
石門水庫湖光山色，微風輕拂，宜人哉，喜好露營者，不妨前來體驗，惟蚊蟲眾多，勿忘做好防蚊措施。,3,1,0,4039,,2020/05/07,0
風光明媚！麻糬和竹筒飯DIY活動略顯粗糙，射箭區則給人廢棄的感覺。淋浴間雖只有3間，但水量充沛，熱水也夠用。,3,1,0,4043,,2020/05/07,0
洗手間清潔度尚可，惟設施稍顯不足，其他方面則平平。,3,1,0,4047,,2019/05/07,0
清新的營地，鄰近河川，景色宜人。,3,1,0,4048,,2019/05/07,0
浴室設備完善、電源插座一應俱全，停車位也充足！但若夏日前來，由於位處山上，可能較為炎熱、陽光照射較強。營地整體略顯擁擠，但仍舒適；停車方式則要注意，可能因而縮小孩童玩球、飛盤的活動空間(但仍有空間)。環境整潔，浴室及廁所都維護得宜。水池部分，建議家長陪同孩童前往(水池水深淺，無危險性，仍需注意滑倒等安全事項)。營地主人態度親切、好聊。若真要說缺點，大概就是路途稍嫌不明顯。,3,1,0,4069,,2019/05/07,0
對住在台北市區的人來說，營地確實是偏遠一點，但風景真美，營地設計得很好，四層樓的階梯式建築，讓空間運用得很巧。我們這次選擇最底層，因為靠近廁所、淋浴間，真的很方便。原本設計可以容納8頂帳篷，但大家都帶大型帳篷，再加上客廳帳，最後只搭了6頂而已。營地還有一間販賣部，賣一些飲料、簡易的餐點。這裡還有一座瞭望台、一座兒童戲水池、射箭區，很適合小孩子玩樂。,3,1,0,4071,,2019/05/07,0
位於石門水庫附近的這座露營區，交通便利，鄰近省道，路況大致良好，但山路可能會讓部分乘客產生暈車症狀，營地停車位較為狹窄，若晚到可能不利於裝備搬運，營地提供推車協助。營地屬於梯田式規劃，兒童活動空間較為侷限，設有小水池及沙坑，帳篷與帳篷間距離較近。景觀方面，擁有石門水庫等美景，附近亦有新溪口吊橋及角板山形象商圈，湖光山色秀麗。衛浴設備方面，營地共有4間浴室、4間廁所及2座小便斗，雖未見排隊情形，但清潔上未提供衛生紙。營地主人及工作人員態度親切，是個值得再次光顧的營地。,3,1,0,4076,,2018/05/07,0
設施殘破不堪，已久無人維護(水池、沙坑、射箭場。..)，道路也差得不得了，主人不確定是誰在管理這個地方。,3,1,0,4092,,2023/05/14,0
衛浴設備待維修，對於環境要求不高的旅客來說，還算可以，晚上會有蚊子出沒。,3,1,0,4094,,2023/04/05,0
驚奇，去年參加過他們的團建活動，大家合作無間，氣氛十分和諧。,3,1,0,4111,,2021/03/20,0
行動訊號微弱(中華電信)，營區內雖有WIFI，但洗澡時卻無熱水，且須等待30分鐘才有熱水。,3,1,0,4193,,2024/04/07,0
浴室陳舊，黑蟻橫行，露台氣勢卻不大，PC價格覺得略顯偏高。,3,1,0,4225,,2023/05/07,0
開車極致、急轉直下，卻又極度困難，駕駛技術要好。A區前的草地雖小，卻也清潔，孩童在此玩得不亦樂乎。乾淨的廁所、溫水的洗手台，冬天裡暖和舒適。地理位置處於山谷，沒有風，正好，夜晚寒冷但無風。有溪水但距離營區稍遠，得走一段路，釣魚卻很過癮。需請營主代為關心的是，隔壁鄰居太晚還在聊，影響到11點就寢的我，真令人沮喪。,3,1,0,4235,,2023/05/07,0
經營有方的退休老闆，將設施一一到位，各平台活動空間寬敞，建議設有廁所的平台搭帳篷較為方便，廁所旁洗手台並有熱水，冬天相當貼心，營地位處山谷，較為涼爽，晨光照射較晚，可睡得較晚，注意防蚊喔！谷歌導航可能會誤導路線，請留意營主在google地圖上的指引訊息。,3,1,0,4306,,2020/05/07,0
營地空間有限，進出道路狹窄；道路末端鄰近溪流，夜間溪水聲大，不建議紮營靠近溪邊。每區洗手台設計不良；廁所淋浴間空間充足，卻常有熱水供應不足的問題。,3,1,0,4307,,2020/05/07,0
增設淋浴熱水器，可能是因為廁所空間有限，每30分鐘熱水器才能重新加熱，造成不便。,3,1,0,4338,,2022/09/19,0
洗手檯及廁所數量太少，C、D、E共用廁所實在太少，而熱水轉到最熱只有溫水，並非我們露營族的問題，鎖住我們的廁所實在不合宜。而營區跳電是否因為電力申請量本身就不夠大，導致有人使用暖氣等高耗電產品就跳電？是否能在公約中訂定不得使用高耗電產品？又D區設置三個水龍頭，兩個在後方，一個在廁所前方，我們為了使用熱水洗手檯，竟然得和別區居民搶著用，造成我們相當不便，因為要洗手時，別區的居民也來湧入，真不方便，連上完廁所要洗手都得用自己帶來的茶水。,3,1,0,4355,,2022/01/03,0
對登山客而言，與同好們碰面，總是令人興奮不已，交換登山心得與經驗，更是增長見聞的好機會。,3,1,0,4373,,2021/03/20,0
該地排水明顯不良，宜避開雨季前往，初次造訪時，草地確實秀麗，卻在再度拜訪時，發現草叢已被蹂躪，又適逢下雨，頓時泥濘不堪，經驗十分惡劣。,3,1,0,4385,,2020/10/13,0
1.特1區房間清潔度佳，但1樓客廳，2樓旅客往來穿梭，感覺有些怪異。2.特1區廚房設在廁所旁，常有異味瀰漫。3.其他部分尚可。,3,1,0,4429,,2023/05/08,0
老闆你話說得真好，這營地雖小，五葉松卻是寶，夏天來此，確實要小心蚊蟲，玩水池清潔度有待加強，我也同意，管理上應該更嚴格執行進出營地的時間，像半夜還有人進場，這就不對了，兩晚都看到一些沒公德心的露營客，營地當然要負起責任，維持環境整潔與秩序，否則會影響其他客人的體驗。,3,1,0,4439,,2023/05/08,0
營地廣大開闊，湖水相伴，設施完善，可選擇多種露營模式，如雨棚區、松林區、竹林碎石區，稍嫌洗手設施略少，冰箱也屬稀有。,3,1,0,4465,,2022/05/08,0
"我知道，對不對？

我本來想去公園走走，但看天氣這樣，我就放棄了。

你去過那家新開的咖啡館嗎？聽說他們的咖啡真好喝。

我上週末去過，真的好棒！你一定要去試試看，他們的甜點也太厲害了。

你看過那部新上映的電影嗎？聽說很好看。

不，還沒。我忙著工作，下次再說。不過，我一定要去看看，你看過沒？

你去過那家新開的書店嗎？我聽說他們書種很多。

有啊，我去過幾次了，是個很好度過下午的好地方，你去過沒？

你去過那家新開的義大利餐廳嗎？聽說他們的披薩真好吃。

有啊，我吃過幾次了，絕對是這裡最好吃的，我覺得你應該要去試試看。

你看過那部新上映的電視劇嗎？聽說很好看。

不，還沒。我忙著工作，下次再說。不過，我一定要去看看，你看過沒？

你去過那家新開的健身房嗎？我聽說他們設備很好。",3,1,0,4475,,2022/05/08,0
寒流來襲，區內營地擠滿了帳蓬(疑為超載)，沒看到有人攜帶家用電暖器，整晚跳電好幾次，營主反應迅速，但半夜跳電時，直到天亮才恢復供電。浴室有男女各兩間、男女各一間坐式馬桶，另有男女各一間蹲式廁所。吹風機只能在女生那邊使用，冰箱則只有在浴室旁才有，到石秀灣的河濱步道在河邊。,3,1,0,4476,,2021/05/08,0
根據你的描述，不推薦區域B，原因包括：受到干擾、浴室數量不足、各區應再減少一間房、有蚊子、曾發生過跳電，雖然五葉松林很美。,3,1,0,4488,,2021/05/08,0
現在八月，蚊子大軍侵略，毫不畏人，人平均二十幾包，最後只好逃之夭夭，建議攜帶頂級的強效防蚊液，否則像我們一樣，噴了還是噴，蚊子怎麼也怕。,3,1,0,4498,,2021/05/08,0
請您再說一次，我這邊沒聽清楚。您說什麼呢?,3,1,0,4531,,2019/05/08,0
蟲蚊甚多，營主適巧修繕水管，卻疏於注意防漏膠的排水問題，洗澡時突發水管膠異味，且因攜兩歲兒同行，深恐誤飲含有水管膠之水，向營主反應亦僅獲致抱歉之意，殊不知可能已有人誤飲有毒物質。台灣民眾的環境教育，仍有待加強。如此事件在國外，勢必引發訴訟。,3,1,0,4542,,2019/05/08,0
景色宜人，老闆更是，但果真，有些小黑蚊在搗亂吧。,3,1,0,4549,,2019/05/08,0
馬桶是流動廁所，裡面蚊蟲滋生，確實是不太好的事情。,3,1,0,4564,,2018/05/08,0
營地設施完善，提供免費地面防水帳蓬，水槽水量充沛，電力供應亦便利，廁所浴室清潔，草地寬闊，惟鄰近竹林蚊蟲略多，叮人痛癢難耐。,3,1,0,4566,,2018/05/08,0
夏日蟲蚋叢生，若非絕對必要，宜避免晚間外出，著短褲亦然。,3,1,0,4651,,2024/03/07,0
這次露營遇到的是老闆娘，態度很好，因為我們週日去，所以老闆娘也讓我們自由選擇營位，值得多給一星。可惜1。蚊子超多，一不小心就飛進帳篷，出去整個都是蚊子2。螞蟻超多，感覺螞蟻把蟻窩搬到帳篷裡，一整個帳篷都是螞蟻3。會飛的蟑螂和許多昆蟲在帳篷外徘徊4。營區設備缺乏照顧，有發霉、生鏽，很可惜，不然應該很美5。營區燈很少，夜間有點昏暗。優點是營區其實很美(如果不看發霉的部分)，有湖邊和溪流，晚上可以聽河水聲入睡，心情還蠻愉悅的。,3,1,0,4676,,2023/05/07,0
原本以為離台北近，圖上看來還不錯，有雨棚應該會很愜意，碰到下雨就糟了，雨棚內積水，加上從帳蓋走到廁所，到處都是水坑和泥巴，腳總是髒兮兮，那是一次相當痛苦的露營經驗！碰到蚊蟲多也是事實，不過在戶外這也是難免的！我建議營地的設施要整修，排水也要做好一點，若是好好整理，我覺得這會是一個很棒的營地！。,3,1,0,4697,,2021/05/07,0
蚊子太多，洗澡熱水不穩，女廁馬桶常淹水，問題不少。,3,1,0,4708,,2021/05/07,0
湖泊原為漁池，現已改建為婚紗拍攝的熱門景點。,3,1,0,4718,,2021/05/07,0
優：熱水穩定、廁所乾淨；缺：業者少人情味，亦不巡視場地；若有訪客附加費，晚上幾近無路燈，部分地段有坑洞危險。,3,1,0,4724,,2020/05/07,0
對清水地質公園來說，交通或許有些不便，不過其豐富的地質景觀，仍吸引許多遊客前往，規劃一趟半日遊，仍是值得的；可以從台中或台北出發，開車或搭公車前往，再步行遊覽園區，相信風景與體驗，都會讓你感到值得。,3,1,0,4771,,2019/05/07,0
我懂你的意思，我也是，要找平衡城鄉生活，方便又不失寧靜。你去過附近的夜市嗎?聽說很好吃。,3,1,0,4775,,2019/05/07,0
對於營地未臻理想之處，建議管理單位應正視並採取相應行動，更新網站照片，確保網站資訊的準確性與時效性，也歡迎遊客提出意見，作為改善營地設施的參考。,3,1,0,4777,,2019/05/07,0
露營最重要的事，首推心情；其次則是夥伴現場空間OK，老闆熱情，帶路夜晚蟲鳴鳥叫，偶有火金姑點綴，幽靜偏僻的近城露營區，就值回票價，即使網路上傳說園區內的相關景點已略顯年華老去的痕跡(湖上鋼琴可供彈奏)。,3,1,0,4780,,2019/05/07,0
位於台北近郊的營地，採碎石地設計，搭設雨棚的河岸區，可避雨濕，水槽則可均分使用，兩帳共用一組，鄰近溪流，適合戲水，不過應將污水集中處理後，再行放流至溪中。,3,1,0,4792,,2018/05/07,0
環境乾淨，廁所也ok，只是晚上黑漆漆的，路燈要多弄幾盞，會好一點，宿舍離活動中心有點遠，沒飲水機，去取水真麻煩。,3,1,0,4797,,2018/05/07,0
好吧，那我們就把重心放在活動內容上，設計些有趣的遊戲、工作坊，讓與會者好好享受。您對什麼主題有興趣？我們再來規劃。,3,1,0,4798,,2018/05/07,0
適合全家出遊的露營地，設有山林及水域，供家人互動遊玩，可烤肉、戲水、登山。 」。,3,1,0,4801,,2018/05/07,0
認同，樹蔭下野營，避暑正是好方法，你去過墾丁過夜的營地嗎?,3,1,0,4808,,2018/05/07,0
關於普普營地設施維護更新的情形，聽說最近政府投入了更多的資源，要改善當地旅遊設施，希望能吸引更多的遊客，促進當地經濟成長。然而，具體的計畫與時程，還不太清楚，可能要等到下次與相關單位開會時，才能得到更詳細的資訊。,3,1,0,4824,,2017/05/07,0
美感與價格常成正比，人說你得付出相對的代價，才能擁有相對的美。,3,1,0,4828,,2017/05/07,0
對，我也覺得，寧可選擇更自然的選擇，但我想，或許是為了吸引更多遊客，營地才如此規劃。,3,1,0,4831,,2017/05/07,0
真，那就省下門票錢，去其他地方玩吧！你去過園區附近的夜市嗎?聽說是嚐小吃的好去處。,3,1,0,4834,,2015/05/07,0
環境設施雖有些陳舊，實在可惜，若能加強景觀設計，必能更臻完美。附近果園蚊蟲滋生，或許是原因之一。,3,1,0,5028,,2017/12/03,0
真可惜，沒能如願舉行野餐，下雨總是打壞了好計畫，與主辦單位聯繫，了解是否能退或延期，下次或許要選擇備案，以防萬一，千萬別讓小孩著涼生病了，下次野餐還要你好好規劃一下哩！,3,1,0,5087,,2017/05/29,0
可能雨勢有點大，沒能好好欣賞風景，好在還是有美食可以慰勞，如你手上的紅豆冰吧！,3,1,0,5088,,2017/05/28,0
浴室的優點，還可以再加以改善，例如增設更舒適的馬桶、提供更完善的洗手設備等。,3,1,0,5095,,2017/05/14,0
在台北，交通確實四通八達，市內有密密麻麻的公車與捷運路網，還有眾多的計程車與YouBike站，讓民眾輕鬆往返各處。,3,1,0,5137,,2017/02/28,0
洗手間與淋浴間都很五星級，淋浴間還有乾濕分離的設計真不錯！整個營地都有雨棚遮蔽，但周邊的景點選擇還是不多！營地位在山谷中，四面八方的風吹來，真讓人受不了！營地周邊也還算凌亂，附近有一條庫志溪，可以去抓魚抓蝦。,3,1,0,5241,,2021/05/07,0
氣候宜人，地段寬敞，夫婦倆似曾相識，似是舊識。,3,1,0,5249,,2021/05/07,0
登山露營，享受森林浴，好處多多。,3,1,0,5282,,2019/05/07,0
搭棚架、水泥地、地上留有四個金屬孔蓋，鄰近溪水，可玩水的營地，面積不大，未規劃客廳帳篷空間。,3,1,0,5298,,2019/05/07,0
整潔明瞭，營位略嫌水龍頭設置影響他人動線。,3,1,0,5391,,2018/09/25,0
環境絕佳，卻浴室明顯不足，駕車行經蜿蜒狹窄、坡度陡峭的山路，低底盤車輛須格外小心。,3,1,0,5482,,2020/05/08,0
聽說過台9線嗎？那是台灣東海岸的一段路，聽說風景真的很美，你去過嗎？,3,1,0,5483,,2020/05/08,0
感謝您的寶貴意見，我會把您的建議轉達給相關單位，針對廁所數量及動線規劃進行檢討，以提供更舒適的遊園體驗。關於入園人數的管制，我會研擬可行的方案，以維持園區的品質與安全。再次感謝您的參與和提供建設性意見，如有其他問題或需協助之處，歡迎隨時與我聯絡。,3,1,0,5715,,2017/10/23,0
前往營地的路開車很方便，營地設有兒童遊樂設施、冰箱、飲水機等，也有寬敞的草地空間，環境舒適，營主也很親切。不過，有幾點需要改進：1.洗澡時間有限制，晚上12:30後無熱水，白天無熱水供應。2.裝備卸載只能在狹窄的柏油路旁，壓力較大，車輛可能必須交替卸載。3.腳踏車騎行空間僅限於寬度不大的柏油路。4.撤營時間較硬，缺乏彈性。5.海拔低，星光明朗，光害則來自門口路燈。6.A區第3帳篷與草地距離雖近，但移動較累。整體而言，仍是口袋名單中的好選擇，但裝備卸載位置的問題，希望營主能予以改善。,3,1,0,5795,,2023/12/08,0
"優點：冰箱及冷凍櫃夠用，草地空間足供孩子打棒球，籃球場可運動，設有腳踏車、沙坑及戲水區，還有飲水機，稱讚營主全家維持環境清潔，勤於清垃圾及分類，雖然廁所、浴室數量不多，但定時巡視、清潔環境，營主還會開車接送帳篷，注意小孩安全，廁所的置物櫃設計感十足，感受到他們用心經營。待改善硬體：女廁浴室的冷水流量太小，如筷子般細，得等好一陣子才有水桶滿，水溫時熱時冷，僅有5個淋浴間，營主回應可能是太多人使用水，洗澡很痛苦，考慮添購加壓馬達。最後要選對季節來，今天風大，還好沒遇到小黑蚊，牠們怕風。
優點：冰箱及冷凍櫃充足，草地空間足以供孩子打棒球，籃球場可運動，設有腳踏車、沙坑及戲水區，還有飲水機，稱讚營主全家維持環境清潔，勤於清垃圾及分類，雖然廁所、浴室數量不多，但定時巡視、清潔環境，營主還會開車接送帳篷，注意小孩安全，廁所的置物櫃設計感十足，感受到他們用心經營。
缺點：女廁浴室冷水流量小，如筷子般細，得等好一陣子才有水桶滿，水溫時熱時冷，僅有5個淋浴間，營主回應可能是太多人使用水，洗澡很痛苦，考慮添購加壓馬達。最後要選對季節來，今天風大，還好沒遇到小黑蚊，牠們怕風。",3,1,0,5818,,2023/05/08,0
優點：營地海拔不高、開車路況便利、兒童設施豐富、草地適合兒童遊玩。缺點：蚊蟲眾多，施打防蚊液後仍被叮咬，白天至晚間皆有，晚間更有大型斑蚊，叮咬疼痛，下次可能選擇冬季較為合適。,3,1,0,5824,,2022/05/08,0
個人認為，這是一個很適合習慣百廝俱全、大鍋炒、及白天不怕吵鬧的人的營地，鄰帳距離近，晚上10點就寢或安靜則有規定。營位擁擠，搭棚的方向還會被經營者念，一旦營釘下點偏離，也會被糾正。廁所和浴室明顯無法應付週末的五、六十帳營客，熱水僅提供晚上6~12時，尖峰時段總是大排長龍，水壓也不穩定，冰箱冷凍冷藏塞得密密麻麻，食材也被壓得七零八落，還有遺失找不到的。營位旁插座電壓相當不穩定，夏天可能較容易面臨跳電問題，夜衝建議提前到，因為晚上10點後營地大門就鎖起來。營地清潔維護得不錯，大概不是我和朋友們喜歡的營地型態。來此營地前，還是先看看營地須知及規定，以免不小心違規被念。,3,1,0,5851,,2021/05/08,0
為確保冬季供電穩定，以提供優質的露營體驗，應從提升電網韌性、增加備載容量、強化電力基礎設施著手。,3,1,0,5852,,2021/05/08,0
"區A和CD區各有不同，區A的車停車場在眼前較為顯眼，但兩者共用同一衛浴設施。如果搭帳篷，可能需等候洗澡，且上方會涼冷。廁所乾淨，有拉門並提供衛生紙。若在區CD靠近尾端處，需注意步行至廁所的距離，以及避免蒼蠅、螞蟻等害蟲。建議選擇較前方的營位，主辦方配置位置時，較無帳篷相連問題。該地適合小孩，有沙坑、籃球場、腳踏車、鞦韆等設施，適合攜家帶眷前來。另有冰箱和飲水機提供使用，前往時請備妥食物及飲品。自營地至711便利商店車程約10至20分鐘不等。
區A和CD區各有千秋，區A的車停車場位在眼前，而區CD則可停在較靠近尾端處，兩者皆共用衛浴設施。區A較顯眼，但區CD在冬天較不涼冷。廁所乾淨，有拉門並提供衛生紙。若在區CD附近，需注意至廁所的步行距離，並避開蒼蠅、螞蟻等害蟲。建議選擇較前方的營位，以避免帳篷相連問題。該營地適合親子同遊，有沙坑、籃球場、腳踏車、鞦韆等設施，並有冰箱和飲水機提供使用。前往前請備妥食物及飲品，自營地至711便利商店車程約10至20分鐘不等。",3,1,0,5857,,2021/05/08,0
浴室裡，水龍頭滴滴答答，孩童們戲水後，洗去身上的塵垢。,3,1,0,5911,,2023/12/28,0
我知道，你覺得他總是緊緊抓著你，不讓你好好做事，很疲憊，也很沮喪。或許我們可以找個辦法，讓他了解我們的工作負荷。,3,1,0,5921,,2022/05/16,0
與鄰居晨間六點割草的噪音問題，確實是個棘手的狀況，身為經理，負有維護營區和諧的責任，我會先與鄰近的營位客人溝通，了解他們對噪音和割草時間的關切，再與鄰居坐下來談談，說明我們希望維持營區安寧的立場，或許可以達成一個雙贏的方案，例如在特定時間割草，或使用較低噪音的割草機。若情況仍未改善，我會考慮與地主討論營地的租約條款，說明此問題對營運的影響。最終，我們希望所有營客都能享有美好、安靜的露營體驗。,3,1,0,5933,,2020/11/30,0
主動聯繫不足！連日大雨，在出發當天一大早，就應該更主動地聯繫營主，確認是否有退訂露營的打算。直到晚上七點半才回覆說不用去了，但大家早就出發了。蚊子真的很多，到我懷疑不已。草地積水很嚴重，雖然有提供草蓆，但還是泥濘不堪！整場的設備，大概只有浴室還算不錯，排水速度如果能加快會更好！。,3,1,0,5956,,2019/06/10,0
草地長了，但還是得修剪才好。A區若3組朋友同時到，搭帳篷會是場災難，位子窄，客廳帳篷搭好後，幾乎沒有空間活動。車子無法會車，甚至收好也離開困難，停車位與營位距離遙遠，無法使用推車，所有行李都得靠人力接駁，這一點很容易造成家庭失和。春夏兩季，加上旁邊有果園，蚊蟲非常多。浴室廁所還算乾淨整潔。垃圾桶只有入口處才有(這點還好)，只是帳篷多了，就會裝不下。下大雨，草地排水有問題，會積水。,3,1,0,6006,,2024/05/05,0
你在11月18日至19日於某地露營，環境還不錯，卻遇到熱水供應不穩的問題，在洗澡時常常被切斷，差一點感冒，還打了三、四通電話給營地工作人員，卻都無人接聽。,3,1,0,6014,,2023/12/08,0
對，我也聽過，不是每台電腦都配有，怎麼回事？你知道的，可能和製造廠有關。,3,1,0,6015,,2023/11/08,0
廁所安排還不錯，惟有營本部有冰箱，在C區要走段路才到，對住B區的家庭來說，稍嫌不便。大草皮雖然適合小孩玩樂戲水，卻也因為缺乏冰箱而造成不便。A區營位長條形，若搭大帳篷可能略顯擁擠，草地也不是十分平整，有些地方凹凸不平，搭帳篷時得小心選位。洗手台數量不足，網站上說3座，卻被營主安排4帳共用同一區。這季節螢火蟲多，但也帶來許多小黑蚊、螞蟻、蜘蛛(都相當大隻)，白天有蒼蠅，最令人怕的還是大蟑螂，生態相當豐富。,3,1,0,6022,,2023/05/08,0
香港返來的大哥，親切熱情，卻因住宿環境噪音問題，影響休息，管理不善，加上其他客人喧嘩不斷，直至深夜才漸次平靜，影響睡眠品質。,3,1,0,6033,,2023/05/08,0
"尊貴的客戶，對於您在我們營地的體驗感到失望，我們深表歉意。營主的朋友行為不當，我們已明確告知他們應尊重客人的隱私。針對此次事件，我們將會再次與營主及相關人員進行溝通，以確保類似情況不再發生。

我們重視您的意見，也感謝您在繁忙中抽空提供建議。如果您願意，我們歡迎您能給我們一個機會，證明我們改善的決心，歡迎您再次光臨我們的營地。如有任何其他疑慮或需要協助之處，請不吝與我們聯絡。感謝您對本營地的支持，期待有機會能為您提供更優質的服務。",3,1,0,6055,,2022/05/08,0
兩點左右抵達，營主方才正準備著手搭設租來的帳棚，直到黃昏才搭建完成，最糟糕的是夜裡氣墊床不斷洩氣，還不只一個@@，第一天廁所的味道還蠻重的，小孩不斷叫說很臭，第二天早上打掃乾淨後就好多了。建議廁所外的洗手台，設置肥皂，可特別在疫情期間很重要喔！。,3,1,0,6066,,2022/05/08,0
眾家好，蒐集得多，分享如下： 多家好，人多時易擁擠，建議包區，廁所外觀尚可，但清潔仍有待加強，附近長興國小頗具特色。,3,1,0,6096,,2021/05/08,0
公共廁所雖然還算乾淨，不過，蚊子確實還蠻多的。,3,1,0,6120,,2020/05/08,0
我同意你的說法，我去年在那裡露營過，確實如你所言，地勢略顯不平，帳篷間距離也稍近，如果不是熱門的假日，應該還好。,3,1,0,6128,,2019/05/08,0
環境宜人，卻被眾多的帳篷湧入，顯得略為擁擠，廁所數量亦顯不足，鄰近D區的排水溝，更瀰漫著惡臭。清晨時分，犬隻在營位旁嬉鬧，不慎留下排泄物於帳篷邊，心情亦為之掃地。,3,1,0,6132,,2019/05/08,0
砂坑與水塘，玩得不亦樂乎，真不愧為兒時的最愛。,3,1,0,6156,,2018/05/08,0
營地綠地維護得真好，不過住宿費覺得略高，感覺有點貴。,3,1,0,6157,,2018/05/08,0
優點：廁所乾淨、服務人員態度良好，缺點：帳篷間距近、地面不平整，租帳到場才說要加收300元搭帳費，且無法自行選擇搭帳，對此不滿，認為應該在預訂時就說明。,3,1,0,6180,,2023/02/13,0
營區眾人齊聚，垃圾處理宜加強。,3,1,0,6228,,2019/03/02,0
營地狹窄，帳篷眾多，噪音擾人，夜晚與白日不知是營地內的狗或鄰居家犬吠叫，實在煞風景，不論白日或夜晚10點過後，仍有其他露營客高聲談話、小孩尖叫，營主卻從未出面管理，蟲蚋眾多。.....。,3,1,0,6281,,2018/04/06,0
根據你的描述，老闆的性格可歸納為熱心但話不多，且可能在約會後沒有主動聯繫的傾向。這可能是因為他較內向、不善於表達自己，或是其他個人特質的影響。然而，從你提供的資訊，無法確定這些只是你的觀察，或是老闆的真實性格。若你想更了解他的性格，可嘗試在下次見面時，從一些開放式問題著手，如詢問他興趣或工作上的事，以更深入地認識他。,3,1,0,6337,,2024/04/08,0
溪邊座位，絕對是這裡的熱門之選，尤其是日頭晴時，更是如此，你去過那裡野餐過嗎？,3,1,0,6412,,2019/05/08,0
我知道，你我都去過，價格確實有點貴，但景色真的美到不行，你去過園區裡的瀑布走走嗎？,3,1,0,6423,,2019/05/08,0
環境尚可，地形分三層，頂樓僅有一衛浴，略顯侷促，二樓空間雖不大，卻有4間衛浴，與三樓共用，人多時，希望廁所垃圾能頻繁清理，會更理想。,3,1,0,6426,,2019/05/08,0
每個帳篷幾乎都有棧板，所以很適合睡；起床後就期待著美不勝收的景致！可惜營地略顯擁擠，但此地設有商店，可補充飲品和生活必需品。,3,1,0,6500,,2018/05/08,0
裝潢設備價格稍高，景觀還是不錯。,3,1,0,6502,,2017/05/08,0
單純的淨土，清新的空氣。,3,1,0,6625,,2021/05/08,0
遠離城市喧囂，登高望遠，心曠神怡，為的就是重新充電，為下一段旅程蓄勢待發！。,3,1,0,6641,,2020/05/08,0
上山道路崎嶇，不易行駛，駕車須小心；營地景致宜人，坡度起伏頗大。,3,1,0,6713,,2021/04/26,0
場地寬敞遮雨棚設置完善，前方空地不小，主人家的狗兒貓兒都很親人，十分可愛，唯獨小黑蚊實在太多，近20位大人、小孩都逃不過，被叮咬，得用捕蚊燈，建議選在天氣涼爽些的時候，比較適合。,3,1,0,6754,,2023/08/08,0
7月時，櫻花區包5帳，只有一間廁所、兩個洗手台(其中一個略顯陳舊，不太好走)，對5帳來說略顯不足，蚊子多，但主辦人會提供大蚊香。櫻花區須至對面營本部使用冰箱，但該冰箱為主辦人私人使用，內有許多醬菜等，味道如同阿嬤家冰箱。若冰箱有空間，建議自行攜帶冰箱使用。營地遇主辦人友人上山野餐，冰箱塞滿2箱啤酒，一整天唱歌至晚上10點，熱鬧非凡。營地有親人貓狗，性情穩定，不怕小孩，步行4分鐘有清涼溪水可玩，營主夫人會善意提醒可將蚊香帶至河邊。總結來說，場地偏小，設備亦建議加強，自然環境則不錯。,3,1,0,6775,,2023/05/08,0
黑蚊加上無數蚊蟲，夾雜大雨，營地竟淹水，不是碎石路不夠，是地勢低窪，水流無處去，洗澡及上廁所空間狹小，不敷5營位使用，僅1處可洗滌及如廁，電源線拉得太長，危險性高。,3,1,0,6776,,2023/05/08,0
"主辦夫婦親切友善，樂意助人，這點真好，位在老街附近，結帳後可散步覓食，很輕鬆。但營地有些問題，例如廁所共用，需等候使用，2. 營地有貓狗，會跑到營位跳到餐桌上，半夜還會咬帳篷，且不畏懼人，不好趕。3. 半夜無路燈管制，兩三點仍有露客走動、探險、聊天，建議部分路燈調整，管制會更好。4. 水槽數量不足，洗滌需排隊，遇到煮食時間會卡住。
主辦夫婦親切友善，樂意助人，這點真好，位在老街附近，結帳後可散步覓食，很輕鬆。但營地有些問題，例如廁所共用，需等候使用，2. 營地有貓狗，會跑到營位跳到餐桌上，半夜還會咬帳篷，且不畏懼人，不好趕。3. 半夜無路燈管制，兩三點仍有露客走動、探險、聊天，建議部分路燈調整，管制會更好。4. 水槽數量不足，洗滌需排隊，遇到煮食時間會卡住。",3,1,0,6789,,2022/05/08,0
遮雨區空間狹小，無照明，淋浴水壓不穩，容易將衣服打濕；浴室皆為鐵皮搭建，在洗澡同時還得忍受隔壁間的糞味，令人作嘔；5帳共用2個洗手檯，價格高達1200元，在設施較佳的營地同價位下，選擇較多。,3,1,0,6801,,2021/05/08,0
公園地太小，活動空間確實稍嫌擁擠，下次或許可以考慮租借較寬敞的會所或是戶外場地。,3,1,0,6825,,2019/05/08,0
對營地的第一印象是陡峭的坡道，讓我對小黑略為捏一把冷汗，接著老闆娘親切地介紹，還說晚上會有火蟲出沒，晚上把燈關掉後，確實看到不少火蟲，可惜沒拍照留念。營地採梯田式規劃，每塊地都不大，廁所與衛浴各一間，插座數量也不多。另外我比較不滿意的是蚊子較多，景觀還好，唯一比較好的地方是營地下方有一條溪，適合小孩戲水，水質清澈，在有大人陪同下，對小孩來說相對安全，小孩子可以在那兒玩上半天，說實在的，我並不太推薦這個營地。,3,1,0,6841,,2018/05/08,0
因此浴室在夜間使用率較高，故等待時間也相對較長。,3,1,0,6844,,2018/05/08,0
各地分布良好，未附鋁箔板的營帳租金。,3,1,0,6847,,2018/05/08,0
野外宿舍不太適合想要寬敞空間的家庭，頗為可惜。,3,1,0,6917,,2019/10/21,0
地點還算，不過得小心狗兒亂咬人，草地還行，道路好駕駛，只是主人親和力有待加強，還是得小心狗兒亂咬人喔!。,3,1,0,6920,,2019/09/17,0
"1。廁所宜加強！。2。網路上浴室配置圖與實際有出入，實際上每10-11座帳篷共用2座浴室，快要瘋了！3。營地規劃尚有改善空間，因為去辦公室拿東西都得經過他人營地(我訂五葉松區)。從五葉松區不經過他人營地的話，坡度太陡，加上階梯做得不太好，小孩在那邊跌倒受傷時有所聞。4。遇到沒品的露客，二天來不斷唱卡拉OK!。5。營地位置還算不錯，離附近景點都近。
1. 廁所需加強！。2. 網路上浴室配置圖與實際有出入，每10-11座帳篷共用2座浴室，快要瘋了！。3. 營地規劃尚有改善空間，因為去辦公室拿東西都得經過他人營地(我訂五葉松區)；從五葉松區不經過他人營地的話，坡度太陡，加上階梯做得不太好，小孩在那邊跌倒受傷時有所聞。4. 遇到沒品的露客，二天來不斷唱卡拉OK!。5. 營地位置還算不錯，離附近景點都近。",3,1,0,6933,,2019/01/07,0
感謝您的反饋，我會將這些意見轉達給管理層，以做出改善。我們重視客戶滿意度，並會盡力確保所有客戶都有愉快的體驗。關於狗的問題，我會提醒管理層，與鄰居溝通，找出解決之道。再次感謝您的寶貴意見，若有其他問題或需要協助，請不吝與我聯絡。,3,1,0,6948,,2018/11/26,0
休閒農場，放鬆身心的好去處。,3,1,0,6969,,2017/08/21,0
有關文旦區公所浴室水量忽大忽小、水溫不穩的問題，我會去查明根因，並與相關單位協調，找出解決之道，以提供民眾更舒適的洗澡環境。,3,1,0,6970,,2017/07/23,0
感謝您的肯定，我們很重視客戶滿意度，會繼續努力提供最佳的服務與體驗。如果還有什麼需要幫忙或有任何建議，請不要猶豫，告訴我們。謝謝您光臨我們的店家，希望不久的將來能再見到您！如有需要，歡迎隨時回來。有任何需要或只是想打聲招呼，我們都很樂意協助。祝您有美好的一天！如有其他需求，請不吝與我們分享。期待您再度光臨我們的店家。如有任何需求或僅是打聲招呼，我們都很樂意協助。祝您有美好的一天！如有其他需求，請不吝與我們分享。期待您再度光臨我們的店家。,3,1,0,6987,,2017/03/12,0
從高處俯瞰，雲霧繚繞，森林地形平坦，導致帳篷須橫放，無法面向景觀，反而得仰望他人帳篷；石地稍有傾斜。夜景區景色宜人，惟過度擁擠，帳篷仍須橫放，鄰帳距離近，無法盡享客廳帳之景。浴室燈光昏暗，熱水供應穩定。若非過度擁擠，夜景區或可考慮，下次將三思，老闆娘態度則屬和藹。,3,1,0,7053,,2022/05/09,0
"森林區雖好,夜景亦佳,然適值東北季風增強,林中風勢較大,無浴室設施,建議勿前往。",3,1,0,7060,,2022/05/09,0
根據我所掌握的資料，竹62線並無通往竹東的路，它是一條位於新竹縣、桃園市交界處的鄉道，西起新埔市區，東止於桃園市龍潭區，與竹東無直接關係；你可能是誤解了路線，請確認後再行規劃行程。,3,1,0,7076,,2021/05/09,0
地形崎嶇，四驪車較為適宜，惟夜景秀麗，亦不失為一覽之選。,3,1,0,7097,,2020/05/09,0
請您再說明或提供更多相關資訊，讓我能更精確地協助您。例如是哪一條62號公路？在哪個鄉鎮區？我將很樂意為您指點迷津。,3,1,0,7386,,2021/05/09,0
景點周邊石塊地，未見提供草地座位，老闆態度還算和善，惟員工卻愛碎念。,3,1,0,7387,,2021/05/09,0
營地最大的優點，在於鄰近溪水及幽靜的環境！每區都充滿活力！唯獨營位稍嫌狹小，帳篷密度稍高，讓人感到些許擁擠，建議可調整每區帳篷數量，以求舒適度。,3,1,0,7423,,2020/05/09,0
老闆熱心、浴室乾淨、空間精巧。,3,1,0,7425,,2020/05/09,0
四月分，適合全家出遊，結伴同行，徜徉賞螢，享受野營樂趣。,3,1,0,7436,,2019/05/09,0
普通。冬天用電暖器會跳電，即使是低瓦數的，也會來襲寒流威力強大，B1區只有一間屋頂，開2台380瓦就跳電，老闆說改用煤油暖爐，所以冬天沒有煤油暖爐，不建議來。,3,1,0,7461,,2022/12/22,0
狹窄的空間，加上缺乏遮蔽，造就了浴室不太適合安裝碟型天窗的狀況；而早晨醒來，卻發現有其他狗兒的糞便出現在營地門前，倒是相當有趣的經驗^_^。,3,1,0,7467,,2022/09/12,0
夜半犬吠，似是有所求，是否是生病，或是需要關注的需求？,3,1,0,7480,,2021/10/17,0
我認識他們啊，他們是地方上很受人尊敬的夫妻，你問什麼呢？,3,1,0,7509,,2019/03/05,0
我們營位位在景觀A2區，棲身空間與鄰帳緊鄰，幾乎沒有私人空間...雖然事前知悉營主已將營位格局調整，但未料到會變成如此擁擠的安排...一個標準帳篷約5*8公尺大並不適合此地，一旦人多，廁所就髒亂、惡臭，營主也未善盡維持清潔、清除垃圾的責任。...美景雖然還可以，但其他方面確實讓人失望。,3,1,0,7519,,2024/04/09,0
風景真美，給5星。我這次過年露營經驗還不錯，我們包了5帳，但最後一天收工時間卻......讓人不太高興，一、熱水洗澡沒，冷得要死，只好穿上衣服去其他帳篷等熱水，二、收工時間明明是12:00前，下一組13:00後要進駐，卻11點多就讓其他客人進來，還在我們旁邊晃來晃去，管理員和服務生在出口處根本沒在管制客人，真的是很傻眼，露營者也都沒在遵守規則，一直覺得會發生衝突，真的早晚都要小心。12點下山離開，下山路上車子一直撞，管理員沒好好規劃和約束(進駐時間)。這是第二次來騰雲，不如第一次來的感覺，雖然第一次來時，帳篷間還有點擠，這次選擇包區，但還是因其他因素不愉快。,3,1,0,7534,,2024/03/09,0
風光明媚、設施完善！感覺管理者很用心維護環境！我們預訂了週間三天兩夜行程，第一晚遇到的露營客都很有水準，睡得很安穩！但第二天管理者告知我們，有營客夜衝，預計在我們附近營位紮營，時間是半夜一點！我當時有好好跟管理者溝通，表達我們的疑慮，管理者則說他們會去提醒營客，要注意噪音和影響他人。由於我們當天有行程，就提早在下午退宿離去。不過我還是要說，能體會管理者在忙碌的假日還要負責協調這些事，實在不容易！,3,1,0,7542,,2024/01/09,0
對這營地的第一印象就不太好，路標指示雖說還算清楚，不過浴室設備的準備卻有待加強，缺少沐浴乳的置物架，使用起來相當不方便；而且晚上電壓不穩，跳電兩次，對旅客來說，實在是相當惱人的問題。,3,1,0,7548,,2023/12/09,0
營地景色宜人，惟未見管理露營者，夜衝客直至深更半夜方去，工人鏟挖聲隆隆不絕，鄰台客熱情好客，眾說紛紜。,3,1,0,7556,,2023/11/09,0
前晚急就章訂的營地，卻因為晚到而分到視野較差的位置。營地依地勢不同而有高低，不過營本部頂蓋活動廣場還真大。整體而言，雨淋松樹木長得還不高，廁所雖然區分有序，卻數量與空間都還有待加強。感覺營主還在擴建營地，許多地區都像工地一樣還在整地中。最高處視野極佳，不過其他地區就平平了。有種感覺營地內車位密度太高，甚至有超收的感覺。上山途中經過九份二山紀念園區，反而是個不錯的休憩點。勉強可將這營地當作過夜地，然而仍有許多地方可以改進。,3,1,0,7560,,2023/10/09,0
"優點1.營地道路好開，都是柏油路2。特區視野佳，尤其是特2區，面對著美景3。氣候好，可以看見滿天星星缺點1。營位太小，除了楓樹區位置較大，其他都是帳篷排排坐2。廁所衛浴太少，且為男女共用，尖峰時段需排隊，廁所也無定時清潔3。水龍頭、冰箱也無整理4。晚上沒有休息時間管制，有些露客聊天到2-3點5。隨時都能聞到二手菸 其實營主感覺還不錯，但對於不守規矩的露客，似乎也無可奈何。
優點1.營地道路好開，都是柏油路2。特區視野佳，尤其是特2區，面對著美景3。氣候好，可以看見滿天星星缺點1。營位太小，除了楓樹區位置較大，其他都是帳篷排排坐2。廁所衛浴太少，且為男女共用，尖峰時段需排隊，廁所也無定時清潔3。水龍頭、冰箱也無整理4。晚上沒有休息時間管制，有些露客聊天到2-3點5。隨時都能聞到二手菸 其實營主感覺還不錯，但對於不守規矩的露客，似乎也無可奈何。",3,1,0,7567,,2023/09/09,0
"優點：1。夏天來此，景色不錯，氣溫宜人，儘量避開正午烈日，找個通風處還算舒服。2。浴室遇到沒熱水，立刻反映處理，很棒。3。草地打理得不錯，排水性佳、營釘也好打。 缺點：1。飲水機上蓋、馬桶水箱蓋等多處平台平面，明顯未定期清潔。2。營地大蚊子很多，尤其是停在樹邊的車子，要小心，沒多久就爬滿整車。3. 如同其他多數營地，對於營地內抽菸、深夜清晨吵鬧的人，並未加以勸阻或明文禁止，注重營地品質的人請注意。
翻譯：
優點：1。夏天來此，景色不錯，氣溫宜人，儘量避開正午烈日，找個通風處還算舒服。2。浴室遇到沒熱水，立刻反映處理，很棒。3。草地打理得不錯，排水性佳、營釘也好打。
缺點：1。飲水機上蓋、馬桶水箱蓋等多處平台平面，明顯未定期清潔。2。營地大蚊子很多，尤其是停在樹邊的車子，要小心，沒多久就爬滿整車。3. 如同其他多數營地，對於營地內抽菸、深夜清晨吵鬧的人，並未加以勸阻或明文禁止，注重營地品質的人請注意。",3,1,0,7568,,2023/09/09,0
整體環境還算不錯，惟晚間缺乏管控，10時過後KTV營業，音量大到大小聲不一，顧客也未見互相尊重，他人雖屬個人行為，管理不善，確實會造成不良感受。,3,1,0,7583,,2023/05/09,0
營地鄰帳與冰箱距離過近，導致較不整潔且有異味，D區帳篷區浴室有異味，帳篷空間較為擁擠，廁所與浴室也未完全區隔，清潔度有待加強。主辦單位親切友善，協助搭帳篷，步行至上方有觀景平台，景色宜人。,3,1,0,7584,,2023/05/09,0
"利：1.夜景佳2.山景與夜間星空不錯3.淋浴熱水穩定，清潔度可接受4.若未滿帳可與營主協調營位5。草地還算寬敞 缺點：1.最後一段道路狹窄，不易會車2.週末時營地冰箱擁擠，建議自行攜帶冰箱3.晚上10點後無人管理，直到半夜2點才較為安靜4.半夜野狗會來翻垃圾桶，清晨地下一堆垃圾5。大型帳篷或天幕，帳篷與帳篷距離太近不適合
緣故：基於缺點，建議欲前往該營地的露營者，應謹慎考慮，並與營主確認是否已解決這些問題。",3,1,0,7617,,2023/05/09,0
我同意營地擁擠會影響住宿品質，尤其是當天氣不是最理想的時候，營地管理單位，或許可以考慮實施更嚴格的營位預訂政策，或是規劃營地，以容納更多的營客，但維持一定的空間給每位營客。,3,1,0,7629,,2023/05/09,0
"尊敬的客戶，非常感謝您對本營地的寶貴意見，我們非常重視每一位客戶的滿意度。關於您所提到的噪音問題，我們會立即與營地管理層進行討論，並採取適當的措施，以確保所有露客都能享有舒適的露營體驗。

我們理解您希望在營地中享受寧靜的時光，我們也會加強對營地規則的宣導，包括宵禁和噪音管制。我們相信，這將有助於創造一個更適合露營的環境，讓所有人都能夠盡情享受大自然的美景。

再次感謝您的反饋，我們非常重視您的意見，並將會採取相應行動來改善營地的環境。若您在未來有再光臨本營地的機會，請不要猶豫，我們期待著為您提供更優質的服務。

如有其他疑問或需要進一步的協助，請不吝與我們聯絡。謝謝！",3,1,0,7630,,2023/05/09,0
視野遼闊、水電充足、浴室乾淨，但清潔卻略顯不足。,3,1,0,7651,,2022/05/09,0
營地相當寬敞，由專人打理，空氣清新，景致秀麗，只是道路略為狹窄，會車時須特別注意安全，上山時也最好慢行。,3,1,0,7685,,2022/05/09,0
地廣景緻宜人，惟上山道路狹窄，會車不易。,3,1,0,7713,,2021/05/09,0
景色宜人，草地亦然，惟人山人海，稍嫌擁擠；洗手間設施亦稍嫌不足，須等候稍久。,3,1,0,7752,,2021/05/09,0
"沐浴熱水器故障2-3台，我那營位熱水器2間就壞一台，只剩一個還能洗澡，換去其他淋浴間洗澡，結果熱水無法控制溫度，會突然變100度的熱水，我被燙到2次，還好我只用手試水溫，我換到第三間才解決洗澡的問題。 然後有人帶狗去營區露營，然後週末帳篷營位太滿太擠，小朋友少了活動空間，風景很漂亮，有百萬夜景，生態也很豐富，螢火蟲很多，草皮維護得很漂亮，營區規劃也還不錯。 請營主在衛浴設施和活動空間這點多花點心。」
洗澡熱水器故障2-3台，我那營位熱水器2間就壞一台，只剩一個還能洗澡，換去其他淋浴間洗澡，結果熱水無法控制溫度，會突然變100度的熱水，我被燙到2次，還好我只用手試水溫，我換到第三間才解決洗澡的問題。 然後有人帶狗去營區露營，然後週末帳篷營位太滿太擠，小朋友少了活動空間，風景很漂亮，有百萬夜景，生態也很豐富，螢火蟲很多，草皮維護得很漂亮，營區規劃也還不錯。 請營主在衛浴設施和活動空間這點多花點心。」",3,1,0,7763,,2020/05/09,0
景色秀麗，萬元夜景盡收眼底，惟浴室設施稍嫌不足，滿房時等待時間較長，熱水更是時熱時冷，甚至燙傷我先生的手，希望業者能留意。,3,1,0,7765,,2020/05/09,0
沐浴在熱水、冷水間，的確是挑戰，而熱水器一間接一間，的確是個好主意，不過你提到水壓可能需要加強，這點我比較擔心，熱水器要穩定運作，水壓絕對是個關鍵因素。,3,1,0,7773,,2020/05/09,0
設施簡陋，浴室僅有2間，廁所亦為2間，房客需提早洗澡，否則得等上好一陣子。,3,1,0,7779,,2020/05/09,0
風景宜人，惜乎空氣不佳，設施卻還算完善，留下足夠公共空間，小朋友玩得不亦樂乎，廁所卻實在太少，沒有蚊子，晚上卻換成大蚊子紛紛出籠。,3,1,0,7796,,2020/05/09,0
浴室設施不足，一營僅有一台吹風機，由營主人安排營位，當天霧氣濃厚，未能欣賞景致，卻有提供飲水機。,3,1,0,7797,,2020/05/09,0
營地路線平緩，景致宜人！惟宿費稍貴，恐非預算友善。,3,1,0,7824,,2019/05/09,0
景色宜人，空氣清新，惟一缺點，遊客略多。,3,1,0,7827,,2019/05/09,0
景點不錯，台中、埔里、草屯、彰化，缺點沒有遊樂場。,3,1,0,7842,,2019/05/09,0
