content,rating,type,status,sequence_num,tokenization,text,publishedDate,origin
我上週六去露營，總體感覺相當不錯。場地環境非常優美，且廁所的衛生情況維持得很好，讓人感到放心。不過，唯一讓我覺得有點措手不及的是，朋友如果選擇在車上過夜，也要付一整個帳的費用，實在讓我們感到有些困惑。營主解釋說，因為停在場地內的汽車都會計算進去，所以我們稍微有些失望，因為這並不是我們之前的露營經驗所能遇到的常見情況。經過一番交涉，最終營主有稍微讓步，但整體氣氛似乎也因此稍顯緊張，讓我們的露營體驗略有影響。希望未來能對這方面有更多的溝通與調整。,3,1,0,5917,,週六露營總體感覺不錯場地環境優美廁所衛生情況感到放心唯一措手不及朋友選擇車上過夜要付帳的費用實在感到困惑營主解釋說因為停場地汽車計算稍微失望因為這並露營經驗常見情況交涉最終營主有稍微讓步整體氣氛稍顯緊張露營體驗略有影響希望未來這方面溝通調整,2023/05/07,0
這個露營地的環境確實讓人讚不絕口，可以給滿分的5顆星。可惜的是，我住的C區螞蟻實在太多了，讓人很困擾。另外，大家喝酒聊天的聲音大到半夜2點，我們曾經和他們溝通過多次，但似乎都沒有用，真是缺乏公德心。聽說營主今天不在，感覺如果他在的話，應該會更重視這個問題。至於營位的安排，我們沒有辦法自己挑選，詢問是否可以選擇另一邊，卻得到的回覆是那邊也有人訂，似乎不太靈活。不過，環境的衛生狀況真得令人滿意，整體而言還是有不少可改善的地方。,3,1,0,3640,,露營地環境確實讚不絕口滿分顆星可惜住C區螞蟻實在太困擾喝酒聊天聲音大到半夜點溝通缺乏公德心聽說營主不在感覺重視營位安排辦法挑選詢問選擇另一邊回覆有人訂不太靈活環境衛生狀況真令人滿意整體而言改善地方,2023/05/06,0
非常期待這個營區能夠有更好的環境改善！目前水槽的數量真的不夠，整個A區只有兩個水槽，且沒有冰箱可用，必須跑到C區才能找到，對於攜家帶眷的露營族來說，有點不便。而且營區內幾乎沒有適合小孩子玩耍的設施，這一點實在讓人感到遺憾。不過，營區的老闆人非常客氣，服務態度也很好，這讓我們感到有些安慰。希望未來能夠在設施及環境上做進一步的改善，讓露營的體驗更加完美！,3,1,0,2088,,期待營區更好環境改善水槽數量真的區兩個水槽冰箱可用跑C區找到攜家帶眷露營族不便營區適合小孩子玩耍設施一點實在感到遺憾營區老闆客氣服務態度這讓感到安慰希望未來設施環境做進一步改善露營體驗完美,2017/10/12,0
這個營區的地理位置靠近馬路，若怕受車聲影響，建議在預訂時選擇靠近釣魚池的區域，這樣會遠離馬路的喧囂。營本部和雨棚區之間的連結讓整體交通方便，但若對在他人住宅附近露營感到不自在，建議可以避開雨棚區。在這裡露營時，營本部有兩台大冰箱可供使用，但我必須提醒，夜晚冰箱的運轉聲音相當大，若您對噪音敏感，這點需要考量。整體而言，這裡的路況非常不錯，導航也能順利抵達指定地點。值得一提的是，這裡的衛浴設備非常豪華，一家四口同時使用時也不會感到擁擠，並且備有洗髮精和沐浴乳等必需品。至於釣魚池的開放時間，則需依照老闆的安排，無法隨時釣魚，這點也需提前確認。,3,1,0,2685,,營區地理位置靠近馬路若怕受車聲影響建議預訂時選擇靠近釣魚池區域遠離馬路喧囂營本部雨棚區之間連結整體交通住宅露營感到不自在建議避開雨棚區露營時營本部兩台大冰箱可供使用提醒夜晚冰箱運轉聲音噪音敏感考量整體而言路況不錯導航順利抵達指定地點值得一提的是衛浴設備豪華一家四口時感到擁擠備有洗髮精沐浴乳必需品釣魚池開放時間則需老闆安排釣魚需提前確認,2020/05/06,0
這次的露營體驗真是讓人印象深刻，雖然天氣不太配合，但營主的熱情和用心讓我們感受到濃濃的人情味。營地提供的免費草莓讓我們意外驚喜，雖然天氣變幻莫測，但能夠在這裡和朋友們一起享受大自然的樂趣，無論雨水打在帳篷上，心情依然非常愉快。看著周圍的美景，我們一起分享食物，這份珍貴的回憶將會永遠烙印在心中，雖然最後只能睡在車上，但這樣的經歷更加珍貴。希望下次來的時候能有更好的天氣！,3,1,0,2160,,露營體驗印象深刻天氣不太配合營主熱情用心感受濃濃的人情味營地提供免費草莓意外驚喜天氣變幻莫測朋友享受大自然樂趣雨水帳篷心情依然愉快看著美景分享食物這份珍貴回憶將會永遠烙印心中只能睡車上經歷珍貴希望下次更好天氣,2017/05/07,0
這次露營的經驗讓我有點混雜的感受。首先，這裡的水電供應都很穩定，讓我們在露營時不必擔心基本的生活需求，特別是衛浴設施也保持得相當乾淨，讓人感到舒適。然而，營位設置成停車格的方式卻讓我感到不太合理，因為地面的植草磚讓我們無法正常地插入營釘，這對帳篷的穩定性造成了一定的困擾。另外，遊玩的空間主要被車道佔據，這讓我們在活動的時候偶爾會覺得有些擁擠，容易影響到彼此的遊玩體驗。最後，雖然浴廁的進口有分男女，但實際上卻是共用的空間，稍微有些不便。這點希望能夠改善，這樣的話會更有助於提升整體的露營品質。,3,1,0,5858,,露營經驗混雜感受水電供應穩定露營時擔心生活需求特別衛浴設施乾淨感到舒適營位設置成停車格方式感到不太因為地面植草磚讓插入營釘這對帳篷穩定性困擾遊玩空間車道佔據這讓活動擁擠影響遊玩體驗浴廁進口有分男女實際上卻是共用空間稍微不便希望改善這樣的話有助於提升整體露營品質,2024/01/08,0
這個露營地的挑高雨棚設計真的是很不錯，讓我們在裡面享受美麗的自然景色，不過在炎熱的夏天，蚊子和蒼蠅的數量可真的讓人感到困擾，得隨時準備驅蚊液才能安心享受露營的樂趣。,3,1,0,1785,,露營地挑高雨棚設計真的不錯享受美麗自然景色炎熱夏天蚊子蒼蠅數量真的感到困擾驅蚊液安心享受露營樂趣,2021/05/07,0
這個露營地的設施實在讓人失望，洗澡的時候廁所上方不斷滴水，實在讓人困擾。而且如果隔壁有其他人在使用熱水，根本就沒有辦法享受到熱水，讓人很難放鬆。此外，電壓也相當不穩定，頻頻跳電，對我們的用電造成困擾。晚上的時候，營主在10點就把燈關掉，這樣的安排讓我們在夜晚感到很不方便，無法盡情享受露營的樂趣。希望能改善這些問題！,3,1,0,195,,露營地設施實在失望洗澡廁所上方滴水實在困擾隔壁其他人熱水辦法享受熱水難放鬆電壓穩定頻頻跳電用電困擾晚上營主10點就燈關掉安排夜晚感到盡情享受露營樂趣希望改善,2022/04/05,0
這裡的環境非常優美，四周被大自然包圍，讓人感到非常放鬆。不過，網路信號真的非常差，無法上網聯繫朋友。除了這一點，其他方面都令我滿意，設施完善，服務熱情，值得再次光臨。,3,1,0,4609,,環境優美四周大自然包圍感到放鬆網路信號真的差上網朋友一點令滿意設施完善服務熱情值得光臨,2023/05/06,0
這個露營地的營位確實有些不平坦，讓我們在搭帳篷時遇到了一些困難。而且營位之間的距離也偏近，讓人感覺私密性不足，特別是在繁忙的假日時期，周圍吵鬧聲影響了我們的休息。照片中的效果與實際情況有些落差，建議未來可以改善一下，以提升整體的露營體驗。,3,1,0,2402,,露營地營位確實平坦搭帳篷時困難營位之間距離偏近感覺私密性特別是在繁忙假日時期吵鬧聲影響休息照片中效果情況落差建議未來改善提升整體露營體驗,2019/05/08,0
這個露營區的洗手台和插座配置相當充足，讓我們在使用時感到非常方便。不過，廁所和衛浴的數量稍微不足，特別是男廁只有兩間，可能在高峰時段會有些擁擠，建議露營區能再增加一些設施會更理想。整體環境還是相當不錯，適合帶家人朋友一起來享受大自然。,3,1,0,6089,,露營區的洗手台插座配置充足時感到廁所衛浴數量稍微特別男廁兩間高峰時段擁擠建議露營區能增加設施理想整體環境不錯適合家人朋友享受大自然,2023/05/08,0
這個露營地的環境確實很寧靜，非常適合放鬆，但可惜我們遇到了一些麻煩。身上被咬得癢得無法忍受，回到家後還是痕癢到想瘋。醫生檢查後告訴我們是因為跳蚤和小黑蚊的問題，實在讓人感到失望。此外，熱水供應也不太穩定，孩子洗澡的時候竟然只能洗到冷水，整個過程非常不舒服，希望能改善這些問題。,3,1,0,1414,,露營地環境確實寧靜非常適合放鬆可惜麻煩身上咬癢無法忍受回到家痕癢想瘋醫生檢查告訴因為跳蚤小黑蚊實在感到失望熱水供應太穩定孩子洗澡只能洗冷水過程舒服希望改善,2023/10/07,0
這次的露營體驗讓我感受到了一種獨特的自然氛圍，不過場地的大小讓我們在活動時稍顯局促。而且，浴廁的位置距離營位稍遠，我們需要攀爬一段較為陡的坡道，對於不喜歡走路的朋友來說可能會有些挑戰。進入營地的道路相對狹窄，特別是轎車進出時需要小心，休旅車則不太建議進入，因為空間實在有點有限。這裡很接近大自然，四周充滿了青蛙和蚱蜢的聲音，也能看到不少螞蟻，讓人彷彿置身於半野營的感覺。至於手機訊號，中華電信幾乎沒有，偶爾遠傳會有一點，對於想要逃離繁忙生活，享受片刻寧靜的朋友們來說，這裡正是個適合放鬆的好地方。,3,1,0,2201,,露營體驗感受一種獨特自然氛圍場地大小活動時稍顯局促浴廁位置距離營位稍遠攀爬一段為陡坡道喜歡走路朋友挑戰營地道路狹窄特別轎車進出時小心休旅車則太建議因為空間實在有限接近大自然四周充滿青蛙蚱蜢聲音螞蟻彷彿置身於野營感覺手機訊號中華電信遠傳會一點想要逃離繁忙生活享受片刻寧靜朋友適合放鬆地方,2022/05/06,0
這次露營的經驗還算不錯，但也有一些不足的地方。營區的空間非常寬敞，讓我們可以自由活動。不過，蚊子實在太多，整個晚上被叮得滿腳都是包，回家後還得跑去看皮膚科，這點真的讓人有點失望。更讓我感到可惜的是，雖然營區那麼大，卻發現我們這兩天都被安排在同一個區域，像是被集中在一起一樣，缺乏一些私密感。晚上那些狗狗叫個不停，雖然我帶了耳塞，還是覺得有些困擾。而且，隔壁的帳篷裡有幾個小孩，吵鬧聲連綿不斷，爸媽也不斷在跟小孩講話，讓人感到有些失去寧靜的氛圍。整體來說，還是有很多值得改善的地方，希望未來能夠更好！,3,1,0,2614,,露營經驗算不錯地方營區空間寬敞自由活動蚊子實在太晚上叮得滿腳包回家還得跑皮膚科真的失望感到可惜營區發現兩天安排同一個區域像是缺乏私密感晚上狗狗叫個不停耳塞困擾隔壁帳篷裡有幾個小孩吵鬧聲連綿不斷爸媽小孩講話感到寧靜氛圍整體值得改善地方希望未來更好,2022/05/06,0
露營的經驗有點小插曲，首先在淋浴時真的要小心水溫，不一會兒就感覺到熱水燙到，時而超冷時而超熱，建議大家在使用前多測試一下水溫。其次，露營地的碎石區鋪滿了銳利的石子，我不小心跌倒了，手腳上都留下了幾個傷口，所以在這種地形上一定要走得謹慎，另外營釘也不容易固定，地面硬得令人挫折。幸好，廁所的整潔程度還算優秀，讓人感覺舒適，這點我覺得值得讚賞。希望未來的露營能有更好的體驗！,3,1,0,86,,露營經驗插曲淋浴時真的小心水溫不一會兒感覺熱水燙時而超冷時而超熱建議前多測試水溫露營地碎石區鋪滿銳利石子小心跌倒手腳留下幾個傷口地形走謹慎營釘固定地面硬得令人挫折幸好廁所整潔程度算優秀感覺舒適值得讚賞希望未來露營更好體驗,2022/05/06,0
這裡的環境整體來說相當不錯，草地茵茵，樹影搖曳，讓人感到輕鬆愉快。不過，因為周圍都是一些水果園，所以難免有很多蒼蠅飛來，這點就讓人有些困擾了。如果能夠加強防範，或許會讓露營的體驗更加完美。希望未來的改善能讓這裡成為更理想的露營地！,3,1,0,94,,環境整體不錯草地茵茵樹影搖曳感到輕鬆愉快因為水果園難免蒼蠅飛來就讓困擾防範露營體驗完美希望未來改善成為理想露營地,2020/05/07,0
這個露營地的空間非常寬敞，讓人感到十分舒適。周圍的景色也不錯，適合拍照與放松心情。不過，有一點需要注意，上山的道路比較狹窄，會車的時候確實會稍微有點困難，建議來這裡的朋友要小心駕駛。總體而言，這裡還是個不錯的露營選擇！,3,1,0,373,,露營地空間寬敞感到舒適景色不錯適合拍照放松心情一點上山道路狹窄會車確實稍微困難建議朋友小心駕駛總體而言不錯露營選擇,2021/05/09,0
這個露營地的營位真的是相當寬敞，讓人可以舒舒服服地享受大自然。不過，衛浴設施的數量著實太少，每次使用都要排隊，造成不少困擾。而且洗澡的水流大小和溫度不穩定，經常會遇到水忽然變冷或變熱的情況，讓人洗澡時感到很不舒服。如果能改善這些問題，這裡就會變得更完美！,3,1,0,918,,露營地營位真的寬敞舒舒服服享受大自然衛浴設施數量著實太少每次排隊困擾洗澡水流大小溫度穩定水變冷變熱情況洗澡時感到舒服改善變得完美,2021/05/06,0
這次的露營經驗總體來說還算不錯，營地的環境舒服，四周被樹林環抱，讓人感到放鬆，但在公共設施的使用上，仍有一些改善空間。首先，廁所的部分，雖然設有八間衛浴，但熱水器卻是共用的，常常在某一間洗澡時感受到冷水或燙水的問題，這部分真的讓人有些失望。其次，垃圾桶的數量感覺不足，營區內人數眾多時，垃圾無法及時清理，導致營地顯得有點凌亂。再者，衛生紙的供應只在早晚補充，建議大家自備，以免用完時尷尬。至於冷藏方面，只有冰箱而沒有冷凍設備，這對於長時間露營的朋友們來說，需特別注意食材的保存問題。此外，飲用水的部分，要注意營主的水源是來自山泉水，儘管是桶裝機器，但如果要沖泡嬰兒奶粉，最好還是先煮沸過後再使用。希望未來能在這些地方再做改進，讓露營體驗更加完美！,3,1,0,4837,,露營經驗總體算不錯營地環境舒服四周樹林環抱感到放鬆公共設施改善空間廁所設有八間衛浴熱水器卻是共用一間洗澡時感受冷水燙水這部分真的失望垃圾桶數量感覺營區人數眾多時垃圾清理導致營地顯得凌亂衛生紙供應早晚補充建議自備完時尷尬冷藏冰箱冷凍設備長時間露營朋友需特別注意食材保存飲用水營主水源山泉水桶裝機器沖泡嬰兒奶粉先煮沸過後希望未來地方做改進露營體驗完美,2023/05/07,0
"我們這次選擇了一個露營地，為期三天兩夜，從台北出發，路線還算明確，但開進營區後，想找到營位的過程有點麻煩，建議大家在到達前一定要聯繫營主確認位置，否則可能會爬坡到頭沒地方停車。這個營地的特點是有溜滑梯，結果當我們到達時發現溜滑梯已經壞了，讓人有點失望。不過，營區內有提供飲水機和冰箱，真的很方便，只是冰箱空間利用的方式需要改進，建議設計一些隔層，否則上面空間就空著浪費掉。另外，飲水機離我們的露營區有點距離，白天爬坡取水還算好，晚上回去的時候就有點累了。

浴室設施算是符合基本需求，男生女生各有兩間，但男女浴室分開使用時，水溫會有所波動，淋浴時會偶爾忽冷忽熱，這對小朋友洗澡來說有點考驗。特別是蓮蓬頭的水壓還蠻強的，噴出來的水會到處灑，讓孩子洗澡時得特別小心。這次露營的經驗讓我決定下次一定要帶自己的蓮蓬頭。還有一點，營區的水管似乎出了問題，會聽到流水聲，感覺有些影響整體的住宿體驗。總結來說，這次的露營體驗還算不錯，但還是有一些小地方需要改進。",3,1,0,339,,"選擇露營地為期三天兩夜台北出發路線算開進營區想找到營位過程麻煩建議到達前營主確認位置爬坡地方停車營地溜滑梯到達時發現溜滑梯壞失望營區內有提供飲水機冰箱真的冰箱空間利用方式改進建議設計隔層空間空著浪費掉飲水機露營區距離白天爬坡取水還算晚上回去有點累

浴室設施算是符合需求男生女生各有兩間男女浴室分開時水溫波動淋浴時會忽冷忽熱這對小朋友洗澡考驗特別蓮蓬頭水壓還蠻強噴出來水會灑孩子洗澡時特別小心露營經驗下次蓮蓬頭一點營區水管聽到流水聲感覺影響整體住宿體驗露營體驗算不錯地方改進",2023/05/08,0
這個露營地雖然有大型雨棚，可以避免雨水和陽光的侵擾，但視野卻非常有限，完全看不見周圍的美麗風景。整個環境讓人感覺就像住在一個大型的工寮，尤其是在連假的期間，各種帳篷緊密相連，晚上也顯得不太安靜，尤其是旁邊的公雞，總是很早就叫聲不斷。衛浴設備方面，沐浴用品配備還算齊全，熱水供應穩定，水壓也很足，但每次換鞋都覺得不太衛生，還是覺得有些麻煩。水槽區域集中，但距離稍遠，雖然沒有蒼蠅，但小黑蚊還是讓人不太舒服。幸好老闆娘會提供驅蚊香，讓我們在A區的時候情況稍微好一些。露營區有泳池，但看起來更像是魚池，而溜滑梯雖然有，但距離太遠，無法有效看顧小孩。訂位時也沒有明確的指示，先到者往裡搭帳，但後來到的則只能搭在外面，離開時又得自己把東西搬到外面，整體的動線設計非常糟糕。總之，這樣的露營經驗讓我不太滿意，我想未來可能不會再來第二次！,3,1,0,1088,,露營地大型雨棚雨水陽光侵擾視野有限看不見美麗風景環境感覺住大型工寮連假期間帳篷緊密相連晚上顯得太安靜旁邊公雞早就叫聲衛浴設備沐浴用品配備算齊全熱水供應穩定水壓足每次換鞋不太衛生麻煩水槽區域距離稍遠蒼蠅小黑蚊太舒服幸好老闆娘提供驅蚊香區的情況稍微露營區有泳池像是魚池溜滑梯距離太遠看顧小孩訂位時指示先到往裡搭帳的則只能搭外面開時東西搬外面整體動線設計糟糕露營經驗太滿意想未來再來第二次,2023/05/08,0
這個營區目前正在進行擴建，設施還沒有完全完善。冰箱的冷卻效果不佳，無法冷凍食物，這點需要改善。而且水槽離營位有點距離，使用上不太方便。草地的長度也沒有整理過，看起來非常自然，適合喜歡大自然的人。希望未來能有更多便利的設施讓露營體驗更佳。,3,1,0,3443,,營區擴建設施完善冰箱冷卻效果不佳冷凍食物改善水槽離營位距離太草地長度整理自然適合喜歡大自然希望未來便利設施露營體驗更佳,2021/05/06,0
這個露營區的地面是水泥，雖然有設置雨遮，卻無法完全阻擋外面的潮濕感。蚊簾雖然有提供，但實際上效果不佳，蚊子和蒼蠅的數量還是很讓人困擾，可能和周圍的肥料使用有關。好在這裡有桌椅可以使用，便於團體聚會或享用美食。整體來說，雖然環境上有些不足，但這裡仍然提供了一些基本的露營設施。不過，建議選擇的時候還是要考量一下個人對蚊蟲的耐受度。,3,1,0,3303,,露營區的地面水泥設置雨遮阻擋外面潮濕感蚊簾提供實際上效果不佳蚊子蒼蠅數量困擾肥料桌椅團體聚會享用美食整體環境提供露營設施建議選擇考量蚊蟲耐受度,2021/05/07,0
這次露營體驗還算不錯，能在湖邊烤肉和戲水非常開心，不過唯一的缺點就是蚊子實在是太多，讓人有點不舒服。另外，廁所和更衣室的設施有些簡陋，感覺可以再改善一下。而且收費方面雖然能理解需要維護，但還是覺得有點偏高，希望未來能有更好的價格調整。總之，這裡的自然環境很棒，但還是有一些細節需要加強。,3,1,0,1938,,露營體驗算不錯湖邊烤肉戲水開心唯一缺點蚊子實在太舒服廁所更衣室設施簡陋感覺改善收費理解維護偏高希望未來更好價格調整自然環境很棒細節,2020/05/08,0
這個營區真的很棒，附近有一條小溪可以嬉戲玩水，非常適合家人一起聚會。不過，記得要注意安全哦！還有一個令人驚喜的地方就是，這裡幾乎沒有遇到小黑蚊的困擾，讓我們可以安心享受露營的樂趣。這次的露營體驗讓我感到相當滿意，以後還會再來這裡度過美好的時光！,3,1,0,3429,,營區真的很棒一條小溪嬉戲玩水非常適合家人聚會記得注意安全令人驚喜地方小黑蚊困擾安心享受露營樂趣露營體驗感到滿意還會再來度過美好時光,2023/05/07,0
露營地區的空間相當有限，我們住在D區，發現水槽是兩個帳篷共用同一組，旁邊的棧板也沒有搭帳篷，造成三個帳篷同時使用的情況，實在有點不便。洗手間和淋浴設備也只有一間，使用起來不太方便，不過環境還算清潔，這一點值得肯定。插座的佈置相當遠，我們才好不容易連接了兩條動力線，分別有10米與15米的長度，讓我們的用電問題稍微緩解。不過活動空間真的不足，感覺有點擠迫。此外，冰箱的設置也讓人感到不便，只有在營本部才能使用，這讓我們存放食材的選擇受到限制。希望未來能改善這些問題，讓露營的體驗更加愉快。,3,1,0,667,,露營地區空間有限住D區發現水槽兩個帳篷共用一組旁邊棧板搭帳篷三個帳篷情況實在不便洗手間淋浴設備一間不太環境算清潔一點值得肯定插座佈置遠好不容易連接兩條動力線10米15米長度用電稍微緩解活動空間真的感覺擠迫冰箱設置感到不便在營本部這讓存放食材選擇受到限制希望未來改善露營體驗愉快,2022/04/13,0
這個露營區的設施讓我有些失望，特別是廁所和洗澡的數量實在太少，只有兩間，等候使用的時候常常要排長隊。洗碗區的距離也讓我覺得不太方便，每次用餐後都得走很遠才能清理碗具，整體上讓露營的體驗稍有影響，希望管理方能夠改善一下這些設施的配置。,3,1,0,697,,露營區的設施失望特別廁所洗澡數量實在太少兩間等候排長隊洗碗區的距離不太每次用餐走很遠清理碗具整體露營體驗稍影響希望管理方改善設施配置,2023/05/06,0
整體而言，這次的露營經驗還算普通。我們選擇了第二區的營位，距離營主的住處比較近，讓我們有種被窺視的感覺。浴廁雖然有兩間，但很多時候因為禁閉著，導致每次洗澡都得一個接著一個等，非常不方便。營區的地形並不算太複雜，但中間某些地方斜坡挺陡，視線也不佳，所以我建議在夜間活動的人要格外小心。此外，營位的排水系統表現一般，遇到下雨的時候會有些小積水情形產生，需注意防滑。總的來說，這裡適合短暫露營，但希望未來能有更多改善。,3,1,0,1125,,整體而言露營經驗算選擇區的營位距離營主住處有種窺視感覺浴廁兩間因為禁閉著導致每次洗澡營區地形不算太地方斜坡挺陡視線不佳建議夜間活動小心營位排水系統表現下雨積水情形需注意防滑適合短暫露營希望未來改善,2022/05/09,0
這次的露營體驗讓我感到非常失望。雖然營區的環境還算不錯，但老闆娘的態度真的讓人覺得不夠友善，對於客人的需求不太在意。此外，營區裡面有一隻黑狗隨意跑動，時不時翻找垃圾，這樣的情況我也曾經向老闆娘反映過，但她似乎並不想解決。她只是一再強調那隻狗並不是他們的，但看見狗跟著她走的情景，我真的無法理解。這樣的體驗讓我對這裡的整體印象大打折扣，未來不會再考慮來這裡露營，也不會向朋友推薦。,3,1,0,3881,,露營體驗感到失望營區環境算不錯老闆娘態度真的友善客人需求不太在意營區一隻黑狗隨意跑動時不時翻找垃圾情況老闆娘不想解決一再強調隻狗並狗著走情景真的理解體驗整體印象大打折扣未來露營朋友推薦,2020/05/08,0
"我們最近到了一個非常棒的露營地，真是一次難忘的經驗！這裡的滑草設施讓孩子們玩得不亦樂乎，每個人都嬉鬧不已。營主非常熱情，甚至主動提供我們香蕉，讓我們感受到家的溫暖。另外，衛浴也保持得很乾淨，工作人員隨時巡邏，讓我們沒有後顧之憂。

不過，這裡的線上訂位只提供部分營位，如果想要包場，記得要提前聯繫營主。因為我們當初沒有注意到這一點，最後跨年時有很多其他營友一起來，雖然人多熱鬧，也讓跨年的氣氛更加高漲，半夜甚至有營友們在滑草區嬉鬧，讓我們度過了一個充滿歡樂的夜晚！這次露營經歷真的讓我們覺得超讚！希望下次能夠再次來到這裡，享受大自然帶來的美好。",3,1,0,1306,,"棒露營地難忘經驗滑草設施孩子玩嬉鬧營主熱情主動提供香蕉感受到家溫暖衛浴乾淨工作人員巡邏後顧之憂

線訂位提供營位想要包場記得提前營主因為當初一點跨年時營友人多熱鬧跨年氣氛高漲半夜營友們滑草區嬉鬧度過充滿歡樂夜晚露營經歷真的超讚希望下次來到享受大自然帶來美好",2024/01/03,0
"這次的露營體驗總體來說還算不錯，接待人員的服務態度十分友善，讓我們感到賓至如歸。尤其為了避免蚊蟲的困擾，他們還提供了多支蚊香，這一點值得肯定。而我們入住的帳篷內有供應電扇，提升了整體的舒適度。不過，帳篷的外觀有些年久失修，特別是外面有不少的蜘蛛網。近距離查看時發現，裡面的棉被和枕頭上有些污垢，甚至掀開被子還有霉味，對於容易過敏的人來說，可能不太適合這種環境，清潔度是需要改善的。

在冷藏方面，D區僅有一台單門冰箱，且裡面佈滿了食材，讓人感到有些擁擠；而C區則因為人少，雙門冰箱裡卻顯得空蕩蕩，取東西時還需要移動別人的食物，這樣的安排有些不便。至於衛浴設施，雖然D區的衛浴不及C區美觀，但整體算是乾淨。然而，熱水的調節讓人苦惱，洗澡時總是忽冷忽熱，特別是幫小朋友洗澡時，會有些不方便。

在女神殿附近有一條步道，散步時意外發現了一隻動物屍體，這讓我們感到有些不安，希望能夠加強巡查，避免病菌的滋生。此外，夜晚的星空非常迷人，可以說是此行的一大亮點！希望未來在清潔及設施方面能有所改善，讓露營體驗更加完美。",3,1,0,1633,,"露營體驗總體算不錯接待人員服務態度友善感到賓至如歸為蚊蟲困擾提供多支蚊香一點值得肯定入住帳篷內有供應電扇提升整體舒適度帳篷外觀年久失修特別外面蜘蛛網近距離查看時發現棉被枕頭污垢掀開被子霉味過敏不太適合環境清潔度改善

冷藏D區僅一台單門冰箱且裡面佈滿食材感到擁擠C區則因為人少雙門冰箱裡卻顯得空蕩蕩取東西時還食物安排不便衛浴設施D區的衛浴不及C區美觀整體算是乾淨熱水調節苦惱洗澡時忽冷忽熱特別幫小朋友洗澡時

女神殿一條步道散步時意外發現一隻動物屍體這讓感到不安希望巡查病菌滋生夜晚星空迷人說此行一大亮點希望未來清潔設施有所改善露營體驗完美",2023/05/09,0
"這次連假後的露營經驗讓我覺得有些擁擠，想像一下如果是在假期期間來訪，人潮一定會更加難以忍受。營地的經營者是一對和藹可親的老夫妻，對客人非常友善。不過，收費後似乎就不太會主動關心客人，儘管我們打電話詢問時，他們都會說有空位可以直接過來。現場的草地區已經增設，但和預訂時所顯示的數量似乎不太一致。值得提醒的是，前往營地的路線上，必須避免選擇紅色橋樑的那條路，因為坡度非常陡且狹窄，會車非常困難。建議走上方的路，彎繞下來會更方便。

優點方面，這裡假日是可以使用車床會員的優惠，若是沒什麼人來露營時，空間會變得相當寬敞，營主對我們的使用方式也相當寬容。早晚都能見到營主過來跟我們打招呼，讓人感覺很親切。此外，這裡有提供飲水機，冷熱溫水都有，228連假過後已經修好了，還有冰箱和吹風機等設施，十分方便。而且，附近的內灣老街也有不少吃喝的選擇，讓我們的露營体验更添色彩。

缺點方面，這裡的收費似乎有點過高，且熱水只有在晚上十八點到二十三點供應，洗澡時需要排隊等候，這對我們來說相對不便。总体来说，這次露營的經歷還是有許多值得紀念的部分，希望下次能有更好的體驗！",3,1,0,4250,,"連假露營經驗擁擠想像假期期間來訪人潮難以忍受營地經營者一對和藹可親老夫妻客人友善收費不太會主動關心客人打電話詢問時說空位現場草地區增設預訂時所顯示數量不太值得提醒前往營地路線選擇紅色橋樑那條路因為坡度陡且狹窄車困難建議走上方路彎繞

優點假日車床會員優惠沒什麼人來露營時空間變得寬敞營主對方式寬容早晚見到營主打招呼感覺親切提供飲水機冷熱溫水228連假過後修好冰箱吹風機設施內灣老街吃喝選擇露營体验更添色彩

缺點收費過高熱水晚上十八點十三點供應洗澡時排隊等候這對不便总体来说露營經歷值得紀念希望下次更好體驗",2023/05/06,0
這個營地的環境算是不錯，營主也很友善，讓人覺得充滿溫暖。不過讓我感到不舒服的是，兩間浴室在冬天的時候幾乎都是冷水，實在讓人難以接受，尤其是在寒冷的季節。此外，廁所的垃圾清理應該要更頻繁一些，這樣才能確保新蓋的廁所有良好的使用環境。再來就是晚上的時候，營區的照明設備真的太少了，進入營地時常常讓人感到危險和恐懼，建議可以增設一些燈光來提升安全感。,3,1,0,2785,,營地環境算是不錯營主友善充滿溫暖感到舒服兩間浴室冬天冷水實在難以接受寒冷季節廁所垃圾清理頻繁確保新蓋廁所環境再來晚上營區照明設備真的太少營地時常常讓感到危險恐懼建議增設燈光提升安全感,2023/05/07,0
這個露營區真的讓人感到非常舒適，周圍的環境讓我能夠完全放鬆，與朋友之間的互動也變得更加愉快。營主們還特別分享了秋天愉悅的螢火蟲景象，這讓我們的露營體驗更加難忘，溫馨的氛圍真的令人心醉。,3,1,0,1565,,露營區真的感到舒適環境放鬆朋友之間互動變得愉快營主們還特別分享秋天愉悅螢火蟲景象這讓露營體驗難忘溫馨氛圍真的令人心醉,2021/05/08,0
這裡的露營環境非常宜人，周圍有小溪流過，小朋友在那裡玩水非常安全，且幾乎沒有蚊蟲的干擾。而且離日月潭的距離也相當近，讓我們可以輕鬆前往欣賞美景。不過，營位的空間相對較小，特別是如果使用大天幕或怪獸帳的話，會覺得稍微擁擠。另外，早上起來時發現帳篷內有螞蟻走來走去，實在讓人有點驚嚇，建議未來前來露營的夥伴們，一定要事先準備好防蟻的措施，這樣就能放心享受露營的樂趣了！,3,1,0,3456,,露營環境宜人小溪流小朋友玩水蚊蟲干擾日月潭距離輕鬆前往欣賞美景營位空間特別天幕怪獸帳稍微擁擠早上來時發現帳篷內有螞蟻走來走去實在驚嚇建議未來前來露營夥伴事先好防蟻措施放心享受露營樂趣,2023/05/08,0
這個營地的草地雖然有些不平整，讓我感到有些可惜，但營主的熱情服務真的讓我十分感動，讓人覺得非常親切。希望未來能再來這裡享受大自然的美好。,3,1,0,4916,,營地草地平整感到可惜營主熱情服務真的感動親切希望未來再來享受大自然美好,2017/03/07,0
這個營地的收費每帳800元，算是相對平實的選擇。不過，我覺得營位的規劃似乎 не夠完善，感覺有點隨意，造成先到先贏的情況。雖然浴廁的環境維持得很乾淨，但可惜的是設施的數量還是有點不夠，尤其在高峰期使用的時候，等待的時間會有點久。整體來說，這裡有潛力，但還有進步的空間。希望未來能夠有更好的管控和改善！,3,1,0,2467,,營地收費每帳800元算是平實選擇營位規劃не夠完善感覺隨意先到先贏情況浴廁環境乾淨可惜設施數量高峰期等待時間久整體潛力空間希望未來更好管控改善,2017/05/06,0
在不理想的天氣下，無法好好享受周圍的自然美景，讓人感到有些失望，希望下次能有更好的天氣來再次造訪！另外，沙坑區的遮雨棚出現破洞，這對小朋友來說非常不方便，希望能儘快修復，讓他們有個安全的玩耍環境。此外，營位附近的洗手檯清潔狀況不佳，裡面積聚了不少黑色污垢，讓人看了覺得不太舒服，建議管理單位能夠加強清理，提供更好的衛生條件給露營者。,3,1,0,2057,,理想天氣好好享受自然美景感到失望希望下次更好天氣造訪沙坑區的遮雨棚破洞這對小朋友希望修復有個玩耍環境營位洗手檯清潔狀況不佳裡面積聚黑色污垢不太舒服建議管理單位清理提供更好衛生條件露營,2018/01/05,0
這個營區的風景真的相當迷人，尤其是在D區以上的位置，環境優美，讓人心情愉悅。營地的負責人非常熱情，隨時願意提供幫助。建議大家可以選擇D、E、F這幾個區域露營，這裡的景色讓人驚豔，真的是一個不錯的選擇。不過，營地的空間稍微有些狹小，對於小孩來說，活動的空間不夠，較不適合他們在裡面奔跑玩耍，應該比較適合朋友間聚會聊天的場合。此外，營地之間的距離也不算太遠，如果遇到旁邊的露友在狂嗨音樂或者喝酒後喧鬧，可能會影響到彼此的休息。最後，衛浴部分的樓梯需要進一步整理，現在的狀況有點危險，小孩如果不小心很有可能會跌下去，這點希望營主能夠加以改善。,3,1,0,1691,,營區風景真的迷人D區位置環境優美心情愉悅營地負責人熱情提供建議選擇DEF幾個區域露營景色驚豔真的不錯選擇營地空間稍微狹小小孩活動空間適合奔跑玩耍適合朋友間聚會聊天場合營地之間距離不算太遠旁邊露友狂嗨音樂喝酒喧鬧影響休息衛浴樓梯進一步整理狀況危險小孩小心跌下去希望營主改善,2016/12/09,0
這個營位空間狹小，搭設帳篷時非常受限，整個環境沒有什麼特色，感覺就像是在停車場露營。唯一的賣點應該就是旁邊的小溪流，聽著溪水潺潺的聲音稍微能增添一些氛圍，但整體來說還是讓人覺得有些失望。希望未來能增加一些設施或是改善環境，讓露營體驗變得更好。,3,1,0,3935,,營位空間狹小搭設帳篷時受限環境特色感覺像是停車場露營唯一賣點旁邊小溪流聽著溪水潺潺聲音稍微增添氛圍整體失望希望未來增加設施改善環境露營體驗變得更好,2020/05/08,0
這個露營區在多帳的時候稍顯擁擠，如果能夠包區會更加舒適。雖然廁所的外觀設計令人滿意，但在清潔方面還有進步的空間。附近的長興國小是一個很棒的遊玩地點，適合帶小朋友去探險或進行戶外活動。總的來說，如果能改善環境和空間的規劃，這裡的野營體驗會更加完美。,3,1,0,547,,露營區在多帳稍顯擁擠包區舒適廁所外觀設計令人滿意清潔空間長興國小是很棒遊玩地點適合小朋友探險戶外活動改善環境空間規劃野營體驗完美,2021/05/08,0
"這次露營的經驗可以說相當失望，雖然老闆人很好，還特地來關心我們的紮營進度，但周圍的環境卻破壞了整個體驗。我們旁邊的團體完全不顧別人的感受，直到深夜十一點才鬆口氣，真的是讓人無法忍受！另外，隔壁也有一戶人家，整晚都在播放重低音的音樂，似乎完全不在意周圍的寧靜。他們的小孩更是喧鬧不堪，讓我們難以入睡，實在是煩透了。

而且營主似乎對於這種情況毫不在意，讓我們在帳篷內忍不住翻白眼。最糟的是，蚊子也特別多，傍晚時候我們被叮得痛苦不堪，直到十點鐘才稍微少了一些。濃霧也影響了我們欣賞美景的心情，根本看不見大自然的美麗。此次出行因為沒有在螢火蟲的季節，連期待的螢火蟲也看不到，讓我們的露營體驗大打折扣。

由於吵鬧的環境，我們根本沒有得到應有的放鬆，長途車行的暈車感加上夜晚的喧囂，讓整個行程變得非常糟糕，無法好好享受大自然的美好。實在希望下次的露營能有更好的環境和規範，讓大家都能有愉快的回憶。",3,1,0,1502,,"露營經驗說失望老闆特地來關心紮營進度環境破壞體驗旁邊團體不顧感受深夜十一點鬆口氣真的無法忍受隔壁一戶整晚播放重低音音樂不在意寧靜小孩更是喧鬧不堪難以入睡實在煩透了

營主情況毫不在意帳篷忍不住翻白眼最糟蚊子特別傍晚時候叮得痛苦不堪十點鐘稍微少濃霧影響欣賞美景心情看不見大自然美麗出行因為螢火蟲季節期待螢火蟲看不到露營體驗大打折扣

吵鬧環境應有放鬆長途車行暈車感夜晚喧囂行程變得糟糕好好享受大自然美好實在希望下次露營更好環境規範愉快回憶",2018/05/07,0
這個露營地的草地質感相當不錯，雖然有硬土的部分，但整體還是算平整可用。廁所雖然是FRP一體成型的設計，但使用起來還算可以接受，不會讓人覺得太不便。最重要的是這裡的電熱水器表現穩定，不會出現忽冷忽熱的情況，讓洗澡變得非常舒服。另外，營本部的老屋有著130年的歷史，真的值得大家好好去欣賞，隱藏著許多故事和文化。這樣的露營體驗讓人感覺既新鮮又懷舊，非常推薦！,3,1,0,5613,,露營地草地質感不錯硬土整體算平整可用廁所FRP一體成型設計算接受太不便電熱水器表現穩定忽冷忽熱情況洗澡變得舒服營本部老屋130年歷史真的值得好好欣賞隱藏著故事文化露營體驗感覺新鮮懷舊推薦,2020/05/07,0
這是一個相當整潔且宜人的露營地點，還有一間小商店可以購買一些必要的物品，比如啤酒或飲用水，非常方便。不過，這裡的環境似乎較為人工，周圍多是碎石和混凝土，讓人感受到的自然氛圍並不強烈。如果你在下雨天來這裡露營，會是一個不錯的選擇，但若希望能真正親近大自然，這裡可能不太符合期待。不過，值得一提的是，這裡有一處美麗的河濱地帶，適合游泳及戲水，非常吸引人。交通相當便捷，上山的路程也不艱難，對於喜歡冬季露營的朋友來說，這裡是個理想的去處，不過夏天的氣溫可能會讓人感到炎熱。,3,1,0,4423,,這是整潔宜人露營地點一間小商店購買物品啤酒飲用水環境為人工碎石混凝土感受自然氛圍下雨天露營不錯選擇希望親近大自然不太符合期待值得一提的是一處美麗河濱地帶適合游泳戲水吸引交通便捷上山路程艱難喜歡冬季露營朋友理想去處夏天氣溫感到炎熱,2022/05/09,0
這裡的露營地規模雖小，但非常精緻又乾淨，營長不僅熱情友好，還提供了許多貼心的服務。特別讓人驚喜的是老闆娘會親自為我們烘焙新鮮的咖啡，香氣四溢，總讓人忍不住想多喝幾杯。並且現場有不同的口味可以選擇，讓咖啡愛好者們可以品嚐到獨特的風味，真是一次難忘的露營體驗。,3,1,0,5968,,露營地規模雖小精緻乾淨營長熱情友好提供貼心服務特別驚喜老闆娘為烘焙新鮮咖啡香氣四溢總讓忍不住想喝幾杯現場口味選擇咖啡愛好者品嚐獨特風味難忘露營體驗,2019/05/07,0
"這個營區的風景真的很迷人，讓人心情愉悅，年輕的營主也展現出不錯的熱情與活力。然而，入住時遇到的管理員問題實在令人失望，尤其是男廁的熱水問題完全沒有提前告知，最後導致孩子洗澡時只能用冷水，實在太不方便了。我詢問管理員情況時，他的口氣相當不友善，說氣溫只有20度，讓人感到錯愕，畢竟當天的氣溫可是低於12度，這樣洗澡真是太冷了。

此外，走廊燈的開關似乎也不在我們的掌控之中，竟然被管理員責怪開得太多，讓我們不明所以，難道廁所的燈就不能開嗎？晚上11點多時，管理員和其他帳篷的客人卻在那喝酒，聲音還吵到嚷嚷大喊，真的讓人無法安睡，加上他們在發酒瘋還對營主罵髒話，真是讓人困惑，這跟我們有什麼關係呢？原本只是想享受一個放鬆的夜晚，卻被搞得心煩意亂，真的希望能有更好的服務體驗。",3,1,0,3002,,"營區風景真的迷人心情愉悅年輕營主展現出不錯熱情活力入住時管理員實在令人失望男廁熱水提前告知導致孩子洗澡時只能冷水實在太詢問管理員情況時口氣友善說氣溫20度感到錯愕當天氣溫低於12度洗澡太冷

走廊燈開關不在掌控之中管理員責怪開得太多不明廁所燈開晚上11點多時管理員帳篷客人喝酒聲音還吵嚷嚷大喊真的安睡發酒瘋還對營主罵髒話困惑這跟關係原本想享受放鬆夜晚搞心煩意亂真的希望更好服務體驗",2023/11/07,0
這裡的浴室設施真的希望能有一些改善，尤其是對於女性露營者來說，蟲蟲的問題讓人感到有些不方便。其實如果能夠多加一些清潔和維護，會讓大家的露營體驗更加舒適和愉快。希望未來能看到這方面的改善，讓每個人都能享受一個乾淨且舒適的環境。,3,1,0,4338,,浴室設施真的希望改善女性露營蟲蟲感到多加清潔維護露營體驗舒適愉快希望未來這方面改善享受乾淨舒適環境,2022/01/07,0
在這個露營區的小平台上，可以欣賞到壯觀的雲海景色，真是個放鬆的好地方。老闆的服務態度十分親切，讓人感到非常溫暖。不過，浴廁的設施就有些不足，感覺比較簡陋，洗手台毀漏水，讓人使用起來有點不便，廁所的地面常常濕漉漉的，也讓我感到有些不適。另外，衛生紙的補給不太穩定，常常會用完而不會立刻補上，這讓人覺得服務還有改進的空間。總體來說，這個地方的自然景觀令人驚艷，但在設施方面還需要加強。,3,1,0,1312,,露營區的平台欣賞壯觀雲海景色放鬆地方老闆服務態度親切感到溫暖浴廁設施感覺簡陋洗手台毀漏水不便廁所地面濕漉漉感到不適衛生紙補給不太穩定會用完補上這讓服務改進空間總體地方自然景觀令人驚艷設施,2019/05/08,0
這次露營的環境真的讓我感到愉快，營主人非常友善熱情，提供了很多幫助。然而，旁邊的鄰居養了幾隻狗，這讓我的露營體驗稍顯遺憾。狗狗對於任何陌生人的出現都會驚叫，非常吵鬧，影響了我們的放鬆時光。我覺得如果能夠避免帶這樣的狗來露營，會讓大家的體驗更為愉快。希望下次再來時，能享受一個更加安靜的夜晚！,3,1,0,4950,,露營環境真的感到愉快營主人友善熱情提供旁邊鄰居養幾隻狗這讓露營體驗稍顯遺憾狗狗陌生人驚叫吵鬧影響放鬆時光狗露營體驗更為愉快希望下次來時享受安靜夜晚,2021/05/07,0
最近去露營的經驗讓我有點失望，因為途中遇到了下雨，只好提前回家。建議營地的停車場能否改用柏油路面，這樣比較不容易打滑，尤其是在上坡的時候。晚上洗手槽的燈光也太暗了，用起來不太方便。另外，洗澡的熱水非常不穩定，時而熱時而冷，讓人有些困擾。還有一點需要提醒的是，晚上有狗進入營區，讓我感到有點害怕，牠們可能會來聞食物，所以在睡前最好能把桌上的東西收拾乾淨，以免吸引牠們過來。希望未來能改善這些問題，才會讓露營的體驗更好。,3,1,0,3500,,露營經驗失望因為途中下雨只好提前回家建議營地停車場改用柏油路面打滑上坡晚上洗手槽燈光太暗不太洗澡熱水穩定時而熱時而冷困擾一點提醒晚上狗營區感到害怕牠會來聞食物睡前桌上東西收拾乾淨吸引牠希望未來改善露營體驗更好,2019/05/07,0
"這次露營的經驗讓我有點失望，因為周圍的草實在長得太過茂盛，應該要定期修剪會更好。A區有三層的結構，如果朋友們同時到達，搭建帳篷和整理行李的過程將會變得相當混亂，空間狹窄得幾乎無法活動，讓人感到不太方便。此外，由於車輛無法在營區內回轉，即便先將東西收好也很難順利離開，停車場離營位又有一段距離，全靠人力搬運，這樣的情況很容易引發家庭之間的小摩擦。

這次的天氣可能有影響，尤其春夏季節，在旁邊有果園的情況下，蚊子與蒼蠅的滋擾特別嚴重，讓人無法放鬆享受大自然的樂趣。不過，浴室和廁所相對而言是乾淨整潔的，這一點還算是加分。值得一提的是，垃圾桶僅設置在入口處，如果帳篷數量增加，恐怕會面臨爆滿的困境。最後，連續下雨時，草地的排水系統似乎出了問題，容易造成積水，這點需要改進。希望未來能有更好的改善！",3,1,0,6738,,"露營經驗失望因為草實在長太過茂盛定期修剪更好區有三層結構朋友到達搭建帳篷整理行李過程將會變得混亂空間狹窄活動感到不太車輛營區回轉先將東西收好難順利離開停車場離營位一段距離全靠人力搬運情況引發家庭之間摩擦

天氣影響春夏季節旁邊果園情況蚊子蒼蠅滋擾特別放鬆享受大自然樂趣浴室廁所乾淨整潔一點算是加分值得一提的是垃圾桶設置入口處帳篷數量增加面臨爆滿困境連續下雨時草地排水系統積水改進希望未來更好改善",2024/05/05,0
這個露營地的優點在於擁有寬廣的草地，讓人感到非常舒適，可以隨意享受大自然的氣息。不過，缺點是營位設置有些過於密集，導致小朋友在玩耍時的活動空間有限，無法盡情嬉戲，這點在身為家長的我來說有些失望。希望未來能改善這個問題，讓孩子們也能享受更多的樂趣。,3,1,0,4439,,露營地優點擁有寬廣草地感到舒適隨意享受大自然氣息缺點營位設置密集導致小朋友玩耍時活動空間有限盡情嬉戲身為家長失望希望未來改善孩子享受樂趣,2018/05/07,0
這個露營地非常適合全家人一起來享受大自然，無論是小孩還是大人都能找到樂趣。這裡有美麗的山景和清澈的小溪，非常適合全家一起互動和享受時光。我們可以在這裡烤肉，一邊吃著美味的食物，一邊聊天，讓感情更加緊密。而且這裡的環境也很適合玩水和爬山，小朋友們在溪邊嬉戲，真的特別開心。而且，爬山的過程中，還能欣賞到壯麗的自然風光，令人心曠神怡。總的來說，這是一個非常棒的家庭露營地！,3,1,0,4857,,露營地非常適合全家人享受大自然無論是小孩大人找到樂趣美麗山景清澈小溪非常適合全家互動享受時光烤肉吃著美味食物聊天感情緊密環境適合玩水爬山小朋友溪邊嬉戲真的特別開心爬山過程中還能欣賞壯麗自然風光令人心曠神怡這是棒家庭露營地,2018/05/07,0
我最近在端午連假期間來到楓葉草皮區露營，這裡的風景和夜景真的是令人驚豔，讓人感受到大自然的美好。入營的道路也非常好開，適合各種型號的車輛，帶著小朋友來玩會非常方便。這裡還有許多可愛的小動物，增加了露營的樂趣，親子設施也十分完善，讓孩子們可以盡情玩樂。不過，廁所的距離稍微有點遠，而且洗手台的數量不算特別多，如果有高峰期間的話，可能會需要排隊等候。再者，帳篷之間的距離有些接近，實際量測的空間也似乎不如露營樂上所介紹的6Mx6M那麼寬敞。總體來說，平日來這裡露營會是個不錯的選擇，但在連假期間人潮擁擠時可能會稍微影響體驗。,3,1,0,2733,,端午連假期間來到楓葉草皮區露營風景夜景真的令人驚豔感受大自然美好入營道路好開適合型號車輛帶著小朋友來玩會可愛動物增加露營樂趣親子設施完善孩子盡情玩樂廁所距離稍微遠洗手台數量不算特別高峰期間排隊等候帳篷之間距離接近量測空間露營樂上介紹6Mx6M寬敞總體平日露營不錯選擇連假期間人潮擁擠時稍微影響體驗,2023/07/07,0
這個營區的環境非常清淨，四周景色宜人，非常適合放鬆心情。不過，唯一讓我感到困擾的就是有很多露客帶著小孩來露營，晚上時常吵鬧。他們似乎對時間沒有概念，到了晚上11點多還在大聲喧嘩，讓我實在無法入睡。而且營主似乎也沒有特別加以管理，這點對我來說是一個小缺憾。希望未來能有更多規範，讓這個美好的營地能夠提供更安靜的體驗。,3,1,0,2180,,營區環境清淨四周景色宜人非常適合放鬆心情唯一感到困擾露客著小孩露營晚上時常吵鬧時間概念晚上11點多還在大聲喧嘩實在入睡營主特別管理缺憾希望未來規範美好營地提供安靜體驗,2022/05/06,0
"這次的露營體驗讓我感到有些失望，尤其是洗手台與浴廁的數量明顯不足。C、D、E區的共用浴廁實在太少，常常需要排隊等候，讓露營的樂趣大減；而且洗澡水即便調到最熱也只有溫水，這一點讓我們覺得不夠舒適。再者，營區突然跳電的情況似乎是因為電力申請不足，尤其有些人開啟暖氣之類的高耗電產品，就會導致整個區域斷電。希望未來能在營規中訂定一些約定，禁止使用這類高耗電的設備，以避免困擾。

另外，D區的水漕設置問題也讓我們感到有些不便，說明了在設計上可能沒有考慮到實際使用的情況。特別是設有三個水漕，其中兩個在後面，一個在廁所前，經常需要爭搶才能使用，尤其是廁所前的洗手台也只有熱水，導致有很多人湧來使用，造成不必要的擁擠。最糟的是，即使上完廁所想要洗手，還得靠自己帶的水，這讓人感到非常不便。希望營區能改善設施，提高露營的整體體驗。",3,1,0,1017,,"露營體驗感到失望洗手台浴廁數量CDE區的共用浴廁實在太少排隊等候露營樂趣大減洗澡水調最熱溫水一點舒適營區跳電情況因為電力申請人開啟暖氣高耗電產品導致區域斷電希望未來營規中訂定約定禁止這類高耗電設備困擾

D區的水漕設置感到不便設計情況特別設有三個水漕兩個廁所前爭搶廁所前洗手台熱水導致人湧來不必要擁擠最糟完廁所想要洗手還得水這讓感到不便希望營區改善設施提高露營整體體驗",2022/01/03,0
這次來到露營區的B區，整體環境還算可以，但一下雨地面就變得非常泥濘。尤其是在廁所附近的營位，水積得特別多，讓人很難行走（如照片所示），即便偶爾出現晴天，泥濘的情況也未必能改善，令人感到相當不便。走在地面上時，容易讓鞋子沾滿泥巴，有時候甚至會滑倒，安全性讓人擔憂。此外，護草墊的數量明顯不足，水槽的配置也有待提升。至於浴廁的數量雖然勉強足夠，但水壓不是很穩定，使用熱水淋浴時，原本的熱水經常會變得不夠熱。衛浴設備提供衛生紙和飲水機，但飲水機的出水速度非常緩慢，讓人感到不便。有位同營的阿伯甚至檢查水桶，發現裡面有青苔問題，顯然設備的維護還有改善的必要，希望下次來訪時能看到更好的狀況。,3,1,0,3260,,來到露營區的B區整體環境算下雨地面變得泥濘廁所營位水積特別難行走照片所示晴天泥濘情況未必改善令人感到不便走地面上時鞋子沾滿泥巴有時候滑倒安全性擔憂護草墊數量水槽配置有待提升浴廁數量勉強足夠水壓穩定熱水淋浴時原本熱水變得熱衛浴設備提供衛生紙飲水機飲水機出水速度緩慢感到不便有位同營阿伯檢查水桶發現青苔設備維護改善希望下次來訪時能更好狀況,2023/10/07,0
這個營區的環境真的很棒，四周的自然風景讓人放鬆，不過管理方面似乎有待加強。晚上十點多的時候，到達營區後卻還聽到有聲音不斷，甚至半夜一點還在進行施工，這讓人覺得有些不便。不過整體來說，這裡的氣氛還是令人愉快，感覺像是來到熱鬧的夜市，台灣人真的是很熱情啊！希望未來能有更好的管理，讓大家都能享受這美好的露營體驗。,3,1,0,2886,,營區環境真的很棒四周自然風景放鬆管理方面有待晚上十點到達營區卻還聽到聲音半夜一點還在施工這讓不便整體氣氛令人愉快感覺像是來到熱鬧夜市台灣真的熱情希望未來更好管理享受美好露營體驗,2023/11/09,0
